"t_ms","private_mb","working_mb"
"221","7.5","23.3"
"454","9.6","25.9"
"677","10.3","26.5"
"896","10.3","26.5"
"1118","10.3","26.5"
"1333","10.8","27.6"
"1560","10.8","27.6"
"1777","10.8","27.6"
"1993","10.8","27.6"
"2218","11.2","28"
"2438","11.9","28.6"
"2666","12.3","29"
"2886","12.5","29.3"
"3108","12.8","29.5"
"3325","12.8","29.5"
"3540","13","29.7"
"3760","13","29.7"
"3971","13.2","29.9"
"4181","12.3","28.4"
"4390","13.2","29.2"
"4611","13.2","29.2"
"4824","13.2","29.2"
"5046","13.2","29.2"
"5262","13.2","29.2"
"5476","13.2","29.2"
"5698","12.9","29.5"
"5921","12.9","29.5"
"6140","12.9","29.5"
"6359","12.9","29.5"
"6578","12.9","29.5"
"6800","13.8","29.8"
"7017","13.8","30.3"
"7240","14.6","30.6"
"7461","14.6","30.9"
"7669","14.6","31.1"
"7889","14.8","31.4"
"8103","14.9","31.5"
"8324","15.1","31.7"
"8543","15.3","31.9"
"8761","15.3","31.9"
"8980","15.4","31.2"
"9200","15.4","31.2"
"9417","15.4","31.2"
"9625","15.4","31.2"
"9848","15.4","31.2"
"10069","14.6","31.3"
"10289","14.6","31.3"
"10503","14.6","31.3"
"10718","14.6","31.3"
"10928","15.3","31.9"
"11146","15.8","32.3"
"11365","16.2","32.7"
"11577","16.4","32.9"
"11794","16.8","33.2"
"12015","16.9","33.4"
"12234","17","33.5"
"12454","17.2","33.7"
"12666","17.2","33.7"
"12884","17.3","33"
"13103","17.3","33"
"13322","17.3","33"
"13534","17.3","33"
"13752","16.7","33.3"
"13969","16.7","33.3"
"14184","16.7","33.3"
"14400","16.7","33.3"
"14621","17.1","33.7"
"14841","17.6","34.2"
"15059","18","34.6"
"15284","18.3","34.9"
"15499","18.5","35.1"
"15709","18.6","35.2"
"15927","18.8","35.3"
"16147","19","35.5"
"16369","18.6","34.5"
"16589","19.1","34.8"
"16808","19.1","34.8"
"17025","19.1","34.8"
"17245","19","34.8"
"17459","18.6","35.1"
"17676","18.6","35.1"
"17893","18.6","35.1"
"18110","18.6","35.1"
"18329","19.5","35.4"
"18550","19.5","35.9"
"18774","20.3","36.2"
"18984","20.3","36.5"
"19203","20.3","36.7"
"19423","20.5","36.9"
"19642","20.6","37.1"
"19859","20.6","37.1"
"20074","20.8","37.3"
"20294","20.2","36.3"
"20516","21","36.7"
"20726","21","36.7"
"20942","21","36.7"
"21162","21","36.7"
"21380","20.5","36.9"
"21590","20.5","36.9"
"21805","20.5","36.9"
"22022","20.5","36.9"
"22238","21.5","37.4"
"22456","21.5","37.8"
"22679","22.2","38.2"
"22896","22.2","38.4"
"23115","22.4","38.7"
"23336","22.5","38.9"
"23557","22.7","39.1"
"23770","22.7","39.1"
"23988","22.9","39.2"
"24208","23.1","38.5"
"24428","23","38.5"
"24644","23","38.5"
"24864","23","38.5"
"25076","23","38.5"
"25283","22.5","38.9"
"25503","22.5","38.9"
"25722","22.5","38.9"
"25939","23.5","39.7"
"26154","24.3","40.1"
"26374","24.3","40.5"
"26585","24.5","40.9"
"26794","24.5","40.9"
"27011","24.2","40.1"
"27222","24.9","40.4"
"27453","24.9","40.4"
"27664","24.9","40.4"
"27877","24.8","41.1"
"28096","24.8","41.1"
"28310","24.8","41.1"
"28519","25.3","41.6"
"28734","25.9","42.1"
"28957","26.1","42.4"
"29166","26.3","42.5"
"29374","26.4","42.6"
"29594","26.6","42.8"
"29810","26.9","42.2"
"30028","26.8","42.2"
"30235","26.7","42.2"
"30453","26.1","42.5"
"30678","26.1","42.5"
"30899","26.1","42.5"
"31107","26.7","43"
"31313","27.4","43.6"
"31534","27.8","44"
"31755","28.1","44.3"
"31963","28.3","44.5"
"32181","28.4","44.6"
"32399","28.7","44.8"
"32617","28.7","44.1"
"32837","28.7","44.1"
"33044","28.7","44.1"
"33252","29.2","45.4"
"33474","29.2","45.4"
"33694","29.2","45.4"
"33904","29.2","45.4"
"34122","29.3","45.4"
"34342","29.7","45.8"
"34548","30","46.2"
"34769","30.2","46.4"
"34979","30.2","46.4"
"35189","30.5","46.6"
"35412","30.5","45.9"
"35633","30.5","45.9"
"35842","30.5","45.9"
"36060","31","47.2"
"36279","31","47.2"
"36497","31","47.2"
"36713","31","47.2"
"36923","31.3","47.3"
"37148","31.7","47.7"
"37367","31.9","48"
"37575","32.1","48.2"
"37794","32.3","48.4"
"38011","31.5","47.2"
"38229","32.4","47.7"
"38446","32.3","47.7"
"38666","32.3","47.7"
"38885","32.9","49"
"39101","32.9","49"
"39318","32.9","49"
"39539","32.9","49"
"39745","32.9","49"
"39954","33.5","49.4"
"40164","33.6","49.7"
"40380","33.8","49.9"
"40598","34","50"
"40806","34.2","50.3"
"41015","33.6","49.3"
"41237","34.3","49.5"
"41457","34.2","49.5"
"41674","34.2","49.5"
"41890","34.6","50.7"
"42112","34.6","50.7"
"42330","34.6","50.7"
"42548","34.7","50.7"
"42773","35.3","51.3"
"42979","35.5","51.5"
"43187","35.8","51.9"
"43406","36","51.9"
"43613","36.2","52.1"
"43820","36.4","51.5"
"44041","36.4","51.5"
"44261","36.4","51.5"
"44480","37.3","53.3"
"44690","37.3","53.3"
"44911","37.3","53.3"
"45119","37.3","53.3"
"45328","37.3","53.2"
"45548","37.3","53.2"
"45757","37.4","53.3"
"45965","37.7","53.7"
"46179","37.8","53.8"
"46399","38.1","54"
"46618","37.7","53.1"
"46835","38.3","53.3"
"47053","38.3","53.3"
"47264","38.3","53.3"
"47470","38.8","54.8"
"47689","38.8","54.8"
"47909","38.8","54.8"
"48129","38.8","54.8"
"48350","39.1","55"
"48570","39.5","55.4"
"48788","39.6","55.5"
"48996","39.8","55.6"
"49213","40","55.8"
"49435","40.1","55.2"
"49653","40.1","55.2"
"49867","40.1","55.2"
"50088","40.7","56.7"
"50309","40.7","56.7"
"50524","40.7","56.7"
"50743","40.7","56.7"
"50950","40.7","56.6"
"51167","41.3","57.1"
"51374","41.5","57.4"
"51580","41.5","57.4"
"51792","41.7","57.5"
"52008","41.9","57.7"
"52223","42","56.9"
"52430","41.9","56.9"
"52639","41.9","56.9"
"52856","42.7","58.4"
"53077","42.7","58.4"
"53285","42.7","58.4"
"53495","42.7","58.4"
"53715","42.7","58.4"
"53934","43.2","58.9"
"54154","43.5","59.1"
"54373","43.6","59.3"
"54584","43.8","59.4"
"54803","44","59.6"
"55020","43.5","58.8"
"55230","43.4","58.8"
"55453","43.4","58.8"
"55672","44.7","60.4"
"55891","44.7","60.4"
"56110","44.7","60.4"
"56321","44.7","60.4"
"56538","44.9","60.5"
"56747","45.3","60.9"
"56970","45.5","61.2"
"57189","45.7","61.3"
"57410","45.9","61.5"
"57631","45.3","60.6"
"57849","45.3","60.6"
"58058","45.3","60.6"
"58281","46.6","62.2"
"58502","46.6","62.2"
"58713","46.6","62.2"
"58922","46.6","62.2"
"59140","46.6","62.2"
"59353","47","62.6"
"59572","47.4","63"
"59778","47.4","63"
"60000","47.5","63.1"
"60219","47.8","63.3"
"60430","47.1","62.4"
"60649","47.1","62.4"
"60858","47.1","62.4"
"61066","48.5","64.1"
"61284","48.5","64.1"
"61498","48.5","64.1"
"61717","48.5","64.1"
"61938","48.6","64.1"
"62144","49","64.5"
"62364","49.3","64.8"
"62584","49.4","64.9"
"62802","49.7","65.1"
"63023","49.8","65.3"
"63234","49.8","65.3"
"63455","49.8","65.3"
"63676","50.4","65.8"
"63895","50.2","65.6"
"64113","50.2","65.6"
"64332","50.2","65.6"
"64540","50.2","65.7"
"64749","50.8","66.2"
"64966","51","66.5"
"65186","51.3","66.8"
"65407","51.5","66.9"
"65618","51.7","67.1"
"65836","51.8","67.2"
"66055","51.7","67.2"
"66264","51.7","67.2"
"66483","53.5","69"
"66694","53.5","69"
"66911","53.5","69"
"67132","53.5","69"
"67351","53.5","69"
"67573","53.5","69"
"67790","53.5","69"
"68010","53.5","69"
"68229","53.8","69.1"
"68450","53.8","69.1"
"68662","53.8","69.1"
"68874","53.8","69.1"
"69091","53.8","69.1"
"69300","55.5","70.8"
"69522","55.5","70.8"
"69736","55.5","70.8"
"69955","55.5","70.8"
"70164","55.5","70.8"
"70385","55.5","70.8"
"70605","55.5","70.9"
"70825","55.5","70.9"
"71032","55.7","71"
"71251","55.8","71"
"71473","55.7","71"
"71693","55.7","71"
"71915","57.4","72.7"
"72132","57.4","72.7"
"72353","57.4","72.7"
"72570","57.4","72.7"
"72791","57.4","72.7"
"73009","57.4","72.7"
"73218","57.4","72.7"
"73433","57.4","72.7"
"73652","57.6","72.9"
"73870","57.7","72.9"
"74089","57.7","72.9"
"74308","57.7","72.9"
"74525","59.3","74.5"
"74734","59.3","74.5"
"74946","59.3","74.5"
"75167","59.3","74.5"
"75383","59.3","74.5"
"75604","59.3","74.6"
"75823","59.3","74.6"
"76039","59.3","74.6"
"76246","59.3","74.6"
"76452","59.6","74.8"
"76670","59.6","74.8"
"76884","59.6","74.8"
"77105","59.6","74.8"
"77324","61.5","76.6"
"77534","61.4","76.6"
"77753","61.4","76.6"
"77971","61.4","76.5"
"78188","61.4","76.5"
"78406","61.4","76.6"
"78614","61.4","76.6"
"78819","61.4","76.6"
"79028","61.4","76.6"
"79246","61.6","76.8"
"79458","61.6","76.8"
"79678","61.6","76.8"
"79897","61.6","76.8"
"80105","63.3","78.4"
"80318","63.3","78.4"
"80541","63.3","78.4"
"80758","63.3","78.4"
"80970","63.3","78.5"
"81193","63.3","78.4"
"81412","63.3","78.4"
"81627","63.3","78.4"
"81839","63.3","78.4"
"82048","63.6","78.6"
"82267","63.6","78.6"
"82490","63.6","78.6"
"82710","63.6","78.6"
"82928","65.3","80.4"
"83136","65.3","80.4"
"83346","65.3","80.4"
"83566","65.3","80.4"
"83771","65.3","80.4"
"83989","65.3","80.4"
"84200","65.3","80.4"
"84412","65.3","80.4"
"84627","65.3","80.4"
"84846","65.6","80.5"
"85068","65.6","80.5"
"85279","65.5","80.5"
"85496","65.5","80.5"
"85715","67.2","82.3"
"85923","67.2","82.3"
"86133","67.2","82.3"
"86346","67.2","82.3"
"86557","67.2","82.3"
"86766","67.2","82.3"
"86976","67.2","82.3"
"87195","67.2","82.3"
"87410","67.4","82.5"
"87619","67.5","82.5"
"87838","67.5","82.5"
"88050","67.5","82.5"
"88257","69.3","84.3"
"88474","69.3","84.3"
"88690","69.3","84.3"
"88912","69.3","84.3"
"89134","69.3","84.3"
"89340","69.3","84.3"
"89546","69.3","84.3"
"89764","69.3","84.3"
"89981","69.3","84.3"
"90187","69.5","84.5"
"90396","69.6","84.5"
"90616","69.5","84.5"
"90837","69.5","84.5"
"91055","71.2","86.1"
"91283","71.2","86.1"
"91503","71.2","86.1"
"91710","71.2","86.1"
"91931","71.2","86.1"
"92152","71.2","86.2"
"92373","71.2","86.2"
"92581","71.2","86.2"
"92800","71.2","86.2"
"93019","71.4","86.4"
"93236","71.5","86.4"
"93450","71.4","86.4"
"93669","71.4","86.4"
"93889","73.2","88"
"94110","73.2","88"
"94319","73.2","88"
"94537","73.2","88"
"94745","73.2","88.1"
"94964","73.2","88"
"95184","73.2","88.1"
"95404","73.2","88.1"
"95632","73.4","88.3"
"95851","73.4","88.3"
"96060","73.4","88.3"
"96274","73.4","88.3"
"96494","75.1","89.9"
"96700","75.1","89.9"
"96906","75.1","89.9"
"97125","75.1","89.9"
"97335","75.1","89.9"
"97556","75.1","89.9"
"97766","75.1","89.9"
"97983","75.1","89.9"
"98194","75.1","89.9"
"98411","75.3","90.1"
"98628","75.4","90.1"
"98847","75.3","90.1"
"99068","75.3","90.1"
"99289","77","91.8"
"99508","77","91.8"
"99715","77","91.8"
"99923","77","91.8"
"100145","77","91.8"
"100352","77","91.8"
"100572","77","91.8"
"100790","77","91.8"
"101007","77.2","92"
"101228","77.3","92"
"101448","77.3","92"
"101665","77.2","92"
"101873","79.1","93.8"
"102094","79.1","93.8"
"102313","79.1","93.8"
"102530","79.1","93.8"
"102749","79.1","93.8"
"102957","79.1","93.8"
"103179","79.1","93.8"
"103399","79.1","93.8"
"103609","79.1","93.8"
"103829","79.3","94"
"104040","79.4","94"
"104259","79.4","94"
"104466","79.3","94"
"104687","81","95.7"
"104902","81","95.7"
"105109","81","95.7"
"105316","81","95.6"
"105538","81","95.7"
"105746","81","95.7"
"105959","81","95.7"
"106166","81","95.7"
"106385","81","95.7"
"106598","81.3","95.9"
"106817","81.3","95.9"
"107035","81.3","95.9"
"107244","81.3","95.9"
"107455","83","97.5"
"107671","83","97.5"
"107876","83","97.5"
"108093","83","97.5"
"108300","83","97.6"
"108520","83","97.6"
"108739","83","97.6"
"108961","83","97.6"
"109180","83.2","97.8"
"109398","83.2","97.8"
"109610","83.2","97.8"
"109830","83.2","97.8"
"110048","84.9","99.4"
"110261","84.9","99.4"
"110470","84.9","99.4"
"110690","84.9","99.4"
"110911","84.9","99.5"
"111129","84.9","99.5"
"111345","84.9","99.5"
"111561","84.9","99.5"
"111770","84.9","99.5"
"111977","85.1","99.7"
"112198","85.2","99.7"
"112415","85.1","99.7"
"112633","85.1","99.7"
"112853","87","101.5"
"113071","87","101.5"
"113290","87","101.5"
"113509","87","101.4"
"113729","87","101.5"
"113948","87","101.5"
"114155","87","101.5"
"114374","87","101.5"
"114592","87.2","101.7"
"114799","87.3","101.7"
"115017","87.3","101.7"
"115225","87.2","101.7"
"115433","87.2","101.7"
"115649","88.9","103.3"
"115869","88.9","103.3"
"116088","88.9","103.3"
"116296","88.9","103.3"
"116504","88.9","103.4"
"116724","88.9","103.3"
"116942","88.9","103.4"
"117162","88.9","103.4"
"117370","89.1","103.6"
"117590","89.1","103.6"
"117798","89.1","103.6"
"118015","89.1","103.6"
"118237","90.8","105.2"
"118455","90.8","105.2"
"118665","90.8","105.2"
"118877","90.8","105.2"
"119095","90.8","105.2"
"119314","90.8","105.2"
"119532","90.8","105.2"
"119737","90.8","105.2"
"119953","90.8","105.2"
"120174","91.1","105.4"
"120394","91.1","105.4"
"120604","91.1","105.4"
"120811","91.1","105.4"
"121028","92.8","107.1"
"121249","92.8","107.1"
"121468","92.8","107.1"
"121680","92.8","107.1"
"121891","92.8","107"
"122110","92.8","107.1"
"122329","92.8","107.1"
"122543","92.8","107.1"
"122761","92.8","107.1"
"122981","93","107.3"
"123202","93.1","107.3"
"123419","93.1","107.3"
"123638","93","107.3"
"123847","94.8","109.1"
"124067","94.8","109.1"
"124291","94.8","109.1"
"124512","94.8","109.1"
"124720","94.8","109.1"
"124939","94.8","109.1"
"125163","94.8","109.1"
"125379","94.8","109.1"
"125601","95.1","109.3"
"125820","95.1","109.3"
"126030","95.1","109.3"
"126251","95.1","109.3"
"126469","96.8","111"
"126676","96.8","111"
"126895","96.8","111"
"127113","96.8","110.9"
"127331","96.8","111"
"127538","96.8","111"
"127747","96.8","111"
"127953","96.8","111"
"128170","96.8","111"
"128377","97.1","111.2"
"128585","97.1","111.2"
"128806","97","111.2"
"129025","97","111.2"
"129232","98.7","112.8"
"129451","98.7","112.8"
"129670","98.7","112.8"
"129895","98.7","112.8"
"130112","98.7","112.9"
"130330","98.7","112.8"
"130553","98.7","112.9"
"130759","98.7","112.9"
"130979","98.9","113.1"
"131186","99","113.1"
"131408","99","113.1"
"131618","98.9","113.1"
"131838","100.8","114.9"
"132057","100.8","114.9"
"132273","100.8","114.9"
"132494","100.8","114.9"
"132714","100.8","114.9"
"132932","100.8","114.9"
"133149","100.8","114.9"
"133365","100.8","114.9"
"133576","101","115.1"
"133794","101.1","115.1"
"134003","101.1","115.1"
"134221","101.1","115.1"
"134444","102.8","116.8"
"134654","102.7","116.8"
"134862","102.7","116.8"
"135081","102.7","116.8"
"135304","102.7","116.7"
"135524","102.7","116.8"
"135742","102.7","116.8"
"135955","102.7","116.8"
"136173","102.7","116.8"
"136391","102.9","117"
"136619","102.9","117"
"136834","102.9","117"
"137042","102.9","117"
"137262","104.7","118.6"
"137481","104.7","118.6"
"137700","104.7","118.6"
"137911","104.7","118.6"
"138133","104.7","118.7"
"138352","104.7","118.6"
"138562","104.7","118.7"
"138783","104.7","118.7"
"139002","104.9","118.8"
"139223","105","118.9"
"139443","104.9","118.9"
"139661","104.9","118.9"
"139868","104.9","118.9"
"140089","106.6","120.5"
"140308","106.6","120.5"
"140533","106.6","120.5"
"140750","106.6","120.5"
"140969","106.6","120.5"
"141188","106.6","120.5"
"141411","106.6","120.5"
"141632","106.6","120.5"
"141845","106.8","120.7"
"142054","106.9","120.7"
"142259","106.9","120.7"
"142477","106.8","120.7"
"142697","108.7","122.5"
"142913","108.7","122.5"
"143121","108.7","122.5"
"143330","108.7","122.5"
"143549","108.7","122.5"
"143769","108.7","122.5"
"143978","108.7","122.5"
"144186","108.7","122.5"
"144406","108.7","122.5"
"144624","108.7","122.7"
"144831","109","122.7"
"145040","109","122.7"
"145261","108.9","122.7"
"145479","110.6","124.4"
"145686","110.6","124.4"
"145895","110.6","124.4"
"146108","110.6","124.4"
"146328","110.6","124.4"
"146548","110.6","124.4"
"146765","110.6","124.4"
"146982","110.6","124.4"
"147191","110.6","124.4"
"147413","110.9","124.6"
"147631","110.9","124.6"
"147848","110.8","124.6"
"148068","110.8","124.6"
"148277","112.5","126.2"
"148497","112.5","126.2"
"148716","112.5","126.2"
"148923","112.5","126.2"
"149135","112.5","126.3"
"149346","112.5","126.3"
"149561","112.5","126.3"
"149779","112.5","126.3"
"149998","112.8","126.5"
"150218","112.8","126.5"
"150438","112.8","126.5"
"150655","112.8","126.5"
"150874","112.8","126.5"
"151091","114.6","128.3"
"151313","114.6","128.3"
"151531","114.6","128.3"
"151743","114.6","128.2"
"151944","114.6","128.3"
"152165","114.6","128.3"
"152372","114.6","128.3"
"152590","114.6","128.3"
"152808","114.6","128.3"
"153014","114.8","128.5"
"153234","114.9","128.5"
"153447","114.9","128.5"
"153665","114.8","128.5"
"153882","116.5","130.2"
"154102","116.5","130.2"
"154316","116.5","130.2"
"154529","116.5","130.2"
"154736","116.5","130.2"
"154954","116.5","130.1"
"155174","116.5","130.2"
"155393","116.5","130.2"
"155605","116.8","130.3"
"155823","116.8","130.3"
"156040","116.8","130.3"
"156249","116.8","130.3"
"156469","116.8","130.3"
"156681","118.5","132"
"156892","118.5","132"
"157111","118.5","132"
"157333","118.5","132.1"
"157551","118.5","132.1"
"157773","118.5","132.1"
"157987","118.5","132.1"
"158206","118.6","132.2"
"158425","118.9","132.4"
"158645","119","132.6"
"158853","119","132.6"
"159074","119","132.6"
"159291","120.7","134.2"
"159498","120.7","134.2"
"159717","120.7","134.2"
"159935","120.7","134.2"
"160145","120.7","134.2"
"160364","120.7","134.2"
"160584","120.7","134.2"
"160802","120.7","134.2"
"161010","121","134.3"
"161228","121","134.4"
"161439","121","134.4"
"161652","121","134.4"
"161869","121","134.4"
"162088","122.7","136.2"
"162312","122.7","136.2"
"162532","122.7","136.2"
"162751","122.7","136.2"
"162982","122.7","136.1"
"163202","122.7","136.1"
"163422","122.7","136.1"
"163644","122.7","136.1"
"163862","122.9","136.2"
"164085","123","136.2"
"164308","123","136.2"
"164525","123","136.2"
"164746","124.6","138"
"164966","124.6","138"
"165181","124.6","138"
"165399","124.6","138"
"165611","124.6","138"
"165830","124.6","138"
"166053","124.6","138"
"166272","124.6","138"
"166480","124.6","138"
"166690","124.8","138.1"
"166905","124.9","138.1"
"167120","124.9","138.1"
"167329","124.9","138.1"
"167545","126.5","139.9"
"167764","126.5","139.9"
"167974","126.5","139.9"
"168192","126.5","139.9"
"168411","126.5","139.9"
"168622","126.5","139.9"
"168830","126.5","139.9"
"169049","126.5","139.9"
"169269","126.5","139.9"
"169478","126.8","140"
"169691","126.8","140"
"169909","126.8","140"
"170117","126.8","140"
"170338","128.5","141.8"
"170546","128.5","141.8"
"170766","128.5","141.8"
"170986","128.5","141.8"
"171203","128.5","141.8"
"171423","128.5","141.7"
"171643","128.5","141.7"
"171865","128.5","141.7"
"172084","128.7","141.8"
"172303","128.8","141.8"
"172525","128.7","141.8"
"172748","128.7","141.8"
"172970","128.7","141.8"
"173190","130.4","143.7"
"173408","130.4","143.7"
"173618","130.4","143.7"
"173837","130.4","143.6"
"174058","130.4","143.6"
"174278","130.4","143.6"
"174496","130.4","143.6"
"174716","130.4","143.6"
"174939","130.4","143.6"
"175169","130.6","143.8"
"175385","130.7","143.8"
"175605","130.7","143.8"
"175816","130.7","143.8"
"176031","130.6","143.8"
"176239","132.5","145.6"
"176457","132.5","145.6"
"176673","132.5","145.6"
"176894","132.5","145.6"
"177103","132.5","145.6"
"177313","132.5","145.6"
"177530","132.5","145.6"
"177747","132.5","145.6"
"177966","132.5","145.6"
"178172","132.7","145.7"
"178396","132.8","145.7"
"178613","132.8","145.7"
"178829","132.7","145.7"
"179051","134.4","147.5"
"179261","134.4","147.5"
"179478","134.4","147.5"
"179697","134.4","147.5"
"179916","134.4","147.4"
"180127","134.4","147.4"
"180349","134.4","147.4"
"180568","134.4","147.4"
"180778","134.6","147.5"
"181004","134.8","147.7"
"181220","135","147.9"
"181431","135","147.9"
"181637","135","147.9"
"181854","136.7","149.5"
"182076","136.7","149.5"
"182299","136.7","149.5"
"182518","136.7","149.5"
"182740","136.7","149.5"
"182962","136.7","149.6"
"183169","136.7","149.6"
"183394","136.7","149.6"
"183609","136.7","149.6"
"183828","136.7","149.6"
"184038","136.8","149.8"
"184247","136.8","149.8"
"184456","136.8","149.8"
"184677","138.6","151.5"
"184899","138.6","151.5"
"185118","138.6","151.5"
"185338","138.6","151.5"
"185547","138.6","151.4"
"185769","138.6","151.4"
"185988","138.6","151.4"
"186199","138.6","151.4"
"186406","138.6","151.4"
"186624","138.9","151.5"
"186844","138.8","151.5"
"187067","138.8","151.5"
"187286","138.8","151.5"
"187495","140.5","153.2"
"187715","140.5","153.2"
"187935","140.5","153.2"
"188156","140.5","153.2"
"188362","140.5","153.3"
"188571","140.5","153.2"
"188784","140.5","153.2"
"188992","140.5","153.2"
"189202","140.7","153.4"
"189424","140.8","153.4"
"189640","140.8","153.4"
"189848","140.7","153.4"
"190069","140.7","153.4"
"190289","142.4","155.1"
"190502","142.4","155.1"
"190712","142.4","155.1"
"190919","142.4","155.1"
"191139","142.4","155.1"
"191347","142.4","155.1"
"191567","142.4","155.1"
"191785","142.4","155.1"
"192005","142.6","155.3"
"192219","142.7","155.3"
"192441","142.7","155.3"
"192663","142.6","155.3"
"192884","144.4","157"
"193103","144.4","157"
"193323","144.4","157"
"193542","144.4","157"
"193753","144.4","157"
"193972","144.4","157"
"194191","144.4","157"
"194410","144.4","157"
"194616","144.4","157"
"194822","144.6","157.2"
"195044","144.7","157.2"
"195260","144.7","157.2"
"195473","144.7","157.2"
"195682","146.3","159"
"195897","146.3","159"
"196104","146.3","159"
"196315","146.3","159"
"196531","146.3","158.9"
"196739","146.3","158.9"
"196960","146.3","158.9"
"197178","146.3","158.9"
"197399","146.5","159.1"
"197619","146.6","159.1"
"197838","146.5","159.1"
"198054","146.5","159.1"
"198269","148.2","160.9"
"198488","148.2","160.9"
"198707","148.2","160.9"
"198921","148.2","160.9"
"199140","148.2","160.9"
"199359","148.2","160.9"
"199577","148.2","160.9"
"199794","148.4","160.9"
"200013","148.4","160.9"
"200221","148.6","161.3"
"200430","148.8","161.3"
"200649","148.8","161.3"
"200868","148.8","161.3"
"201075","150.5","162.9"
"201294","150.5","162.9"
"201515","150.5","162.9"
"201733","150.5","162.9"
"201954","150.5","163.1"
"202176","150.5","163"
"202396","150.5","163"
"202614","150.5","163"
"202819","150.7","163.2"
"203029","150.8","163.2"
"203246","150.8","163.2"
"203467","150.7","163.2"
"203683","152.4","164.9"
"203898","152.4","164.9"
"204119","152.4","164.9"
"204339","152.4","164.9"
"204557","152.4","164.9"
"204768","152.4","164.9"
"204988","152.4","164.9"
"205206","152.4","164.9"
"205427","152.4","164.9"
"205641","152.6","165.1"
"205860","152.6","165.1"
"206080","152.6","165.1"
"206303","152.6","165.1"
"206517","154.4","166.8"
"206735","154.4","166.8"
"206955","154.4","166.8"
"207172","154.4","166.7"
"207380","154.4","166.8"
"207588","154.4","166.8"
"207802","154.4","166.8"
"208022","154.4","166.8"
"208229","154.6","166.9"
"208436","154.7","166.9"
"208656","154.7","166.9"
"208876","154.6","166.9"
"209098","154.6","166.9"
"209305","156.3","168.6"
"209524","156.3","168.6"
"209731","156.3","168.6"
"209941","156.3","168.6"
"210160","156.3","168.7"
"210381","156.3","168.7"
"210596","156.3","168.6"
"210806","156.3","168.7"
"211026","156.3","168.7"
"211242","156.5","168.8"
"211452","156.6","168.8"
"211669","156.6","168.8"
"211876","156.5","168.8"
"212093","158.2","170.5"
"212301","158.2","170.5"
"212516","158.2","170.5"
"212733","158.2","170.5"
"212954","158.2","170.5"
"213177","158.2","170.5"
"213395","158.2","170.5"
"213616","158.2","170.6"
"213825","158.2","170.6"
"214033","158.4","170.7"
"214242","158.5","170.7"
"214451","158.5","170.7"
"214666","158.5","170.7"
"214887","160.2","172.4"
"215107","160.2","172.4"
"215333","160.2","172.4"
"215552","160.2","172.4"
"215758","160.2","172.4"
"215978","160.2","172.4"
"216197","160.2","172.4"
"216414","160.2","172.4"
"216617","160.4","172.6"
"216835","160.4","172.6"
"217057","160.4","172.6"
"217264","160.4","172.6"
"217483","160.4","172.6"
"217703","162.2","174.4"
"217918","162.2","174.4"
"218138","162.2","174.4"
"218355","162.2","174.4"
"218563","162.2","174.4"
"218781","162.2","174.4"
"218991","162.2","174.5"
"219214","162.2","174.5"
"219432","162.5","174.6"
"219648","162.5","174.6"
"219858","162.5","174.6"
"220076","162.5","174.6"
"220293","164.2","176.3"
"220507","164.2","176.3"
"220726","164.2","176.3"
"220934","164.2","176.3"
"221152","164.2","176.3"
"221360","164.2","176.3"
"221581","164.2","176.2"
"221803","164.2","176.3"
"222024","164.2","176.3"
"222242","164.4","176.4"
"222450","164.5","176.4"
"222660","164.4","176.4"
"222876","164.4","176.4"
"223097","166.2","178.2"
"223308","166.2","178.2"
"223528","166.2","178.2"
"223749","166.2","178.2"
"223955","166.2","178.2"
"224183","166.2","178.2"
"224400","166.2","178.3"
"224623","166.2","178.3"
"224839","166.5","178.4"
"225050","166.5","178.4"
"225270","166.5","178.4"
"225483","166.5","178.4"
"225704","168.3","180.2"
"225919","168.3","180.2"
"226140","168.3","180.2"
"226356","168.3","180.2"
"226565","168.3","180.2"
"226776","168.3","180.2"
"226994","168.3","180.2"
"227214","168.3","180.2"
"227423","168.3","180.2"
"227640","168.5","180.4"
"227860","168.5","180.4"
"228068","168.5","180.4"
"228281","168.5","180.4"
"228501","170.2","182.1"
"228722","170.2","182.1"
"228935","170.2","182.1"
"229143","170.2","182.1"
"229361","170.2","182.1"
"229581","170.2","182.1"
"229789","170.2","182.1"
"229997","170.2","182.1"
"230216","170.5","182.3"
"230436","170.5","182.3"
"230653","170.5","182.3"
"230865","170.5","182.3"
"231086","170.5","182.3"
"231303","172.2","184"
"231516","172.2","184"
"231729","172.2","184"
"231948","172.2","183.9"
"232166","172.2","184"
"232384","172.2","184"
"232604","172.2","184"
"232823","172.2","184"
"233030","172.4","184.1"
"233252","172.4","184.2"
"233474","172.4","184.2"
"233685","172.4","184.2"
"233904","174.1","185.8"
"234117","174.1","185.8"
"234326","174.1","185.8"
"234547","174.1","185.8"
"234757","174.1","185.9"
"234974","174.1","185.9"
"235181","174.1","185.8"
"235403","174.1","185.8"
"235621","174.1","185.8"
"235840","174.3","186"
"236051","174.4","186"
"236272","174.3","186"
"236478","174.3","186"
"236692","176.2","187.8"
"236913","176.2","187.8"
"237128","176.2","187.8"
"237346","176.2","187.8"
"237563","176.2","187.9"
"237773","176.2","187.9"
"237993","176.2","187.9"
"238210","176.2","187.9"
"238428","176.4","188"
"238643","176.5","188"
"238862","176.4","188"
"239073","176.4","188"
"239291","178.1","189.8"
"239514","178.1","189.8"
"239723","178.1","189.8"
"239941","178.1","189.8"
"240160","178.1","189.8"
"240379","178.1","189.8"
"240598","178.1","189.8"
"240816","178.1","189.8"
"241037","178.1","189.8"
"241243","178.4","190"
"241465","178.4","190"
"241672","178.4","190"
"241880","178.4","190"
"242095","180.1","191.6"
"242319","180.1","191.6"
"242529","180.1","191.6"
"242748","180.1","191.6"
"242957","180.1","191.7"
"243171","180.1","191.7"
"243386","180.1","191.7"
"243606","180.1","191.7"
"243823","180.3","191.8"
"244037","180.4","191.8"
"244256","180.4","191.8"
"244477","180.4","191.8"
"244690","182.2","193.6"
"244912","182.1","193.6"
"245123","182.1","193.6"
"245346","182.1","193.6"
"245564","182.1","193.6"
"245784","182.1","193.7"
"246004","182.1","193.7"
"246223","182.1","193.7"
"246444","182.1","193.7"
"246665","182.4","193.8"
"246869","182.4","193.8"
"247088","182.4","193.8"
"247297","182.4","193.8"
"247516","184.1","195.5"
"247740","184.1","195.5"
"247960","184.1","195.5"
"248180","184.1","195.5"
"248403","184.1","195.5"
"248623","184.1","195.5"
"248829","184.1","195.6"
"249047","184.1","195.6"
"249264","184.3","195.7"
"249481","184.4","195.7"
"249701","184.3","195.7"
"249920","184.3","195.7"
"250134","184.3","195.7"
"250355","186","197.4"
"250573","186","197.4"
"250791","186","197.4"
"251012","186","197.4"
"251224","186","197.4"
"251441","186","197.4"
"251660","186","197.4"
"251883","186","197.4"
"252100","186","197.4"
"252323","186.2","197.6"
"252543","186.2","197.6"
"252758","186.2","197.6"
"252964","186.2","197.6"
"253185","188.1","199.4"
"253396","188.1","199.4"
"253616","188.1","199.4"
"253827","188.1","199.4"
"254045","188.1","199.4"
"254264","188.1","199.4"
"254482","188.1","199.4"
"254701","188.1","199.4"
"254921","188.1","199.4"
"255142","188.3","199.6"
"255360","188.4","199.6"
"255580","188.3","199.6"
"255792","188.3","199.6"
"256012","190","201.3"
"256225","190","201.3"
"256432","190","201.3"
"256638","190","201.2"
"256855","190","201.3"
"257061","190","201.3"
"257266","190","201.3"
"257485","190","201.3"
"257705","190","201.3"
"257919","190.2","201.5"
"258139","190.3","201.5"
"258357","190.2","201.5"
"258578","190.2","201.5"
"258798","191.9","203.1"
"259016","191.9","203.1"
"259224","191.9","203.1"
"259433","191.9","203.1"
"259651","191.9","203.2"
"259862","191.9","203.2"
"260085","191.9","203.1"
"260304","191.9","203.1"
"260521","191.9","203.1"
"260728","192.2","203.3"
"260949","192.2","203.3"
"261160","192.2","203.3"
"261370","192.2","203.3"
"261591","194","205.1"
"261803","194","205.1"
"262013","194","205.1"
"262231","194","205.2"
"262435","194","205.2"
"262643","194","205.2"
"262859","194","205.2"
"263078","194","205.2"
"263303","194.2","205.4"
"263519","194.3","205.4"
"263737","194.3","205.4"
"263945","194.2","205.4"
"264166","196","207.1"
"264384","196","207.1"
"264592","196","207.1"
"264808","196","207"
"265015","196","207"
"265235","196","207.1"
"265443","196","207.1"
"265664","196","207.1"
"265876","196","207.1"
"266088","196.2","207.2"
"266302","196.2","207.2"
"266522","196.2","207.2"
"266732","196.2","207.2"
"266949","198","208.9"
"267168","197.9","208.9"
"267386","197.9","208.9"
"267604","197.9","208.9"
"267823","197.9","209"
"268043","197.9","209"
"268264","197.9","209"
"268473","197.9","209"
"268692","198.1","209.1"
"268912","198.2","209.1"
"269130","198.1","209.1"
"269346","198.1","209.1"
"269564","198.1","209.1"
"269783","199.8","210.8"
"270001","199.8","210.8"
"270213","199.8","210.8"
"270427","199.8","210.8"
"270645","199.8","210.8"
"270852","199.8","210.8"
"271074","199.8","210.8"
"271295","199.8","210.8"
"271512","200","211"
"271733","200.1","211"
"271948","200","211"
"272154","200","211"
"272368","201.9","212.8"
"272588","201.9","212.8"
"272806","201.9","212.8"
"273026","201.9","212.8"
"273232","201.9","212.8"
"273441","201.9","212.8"
"273661","201.9","212.8"
"273867","201.9","212.8"
"274086","201.9","212.8"
"274294","202.1","213"
"274514","202.2","213"
"274723","202.2","213"
"274943","202.1","213"
"275161","203.8","214.7"
"275381","203.8","214.7"
"275601","203.8","214.7"
"275820","203.8","214.7"
"276037","203.8","214.6"
"276252","203.8","214.7"
"276472","203.8","214.7"
"276690","203.8","214.7"
"276904","203.8","214.7"
"277122","204.1","214.9"
"277329","204.1","214.9"
"277540","204.1","214.9"
"277747","204.1","214.9"
"277965","205.8","216.5"
"278173","205.8","216.5"
"278391","205.8","216.5"
"278609","205.8","216.5"
"278815","205.8","216.6"
"279024","205.8","216.6"
"279242","205.8","216.6"
"279452","205.8","216.6"
"279669","206","216.8"
"279877","206.1","216.8"
"280090","206","216.8"
"280312","206","216.8"
"280521","206","216.8"
"280740","207.8","218.5"
"280956","207.8","218.5"
"281165","207.8","218.5"
"281386","207.8","218.5"
"281600","207.8","218.6"
"281808","207.8","218.6"
"282014","207.8","218.6"
"282222","207.8","218.6"
"282430","208.1","218.7"
"282643","208.1","218.8"
"282860","208.1","218.8"
"283068","208.1","218.8"
"283290","208.1","218.8"
"283507","209.8","220.6"
"283726","209.8","220.6"
"283932","209.8","220.6"
"284145","209.8","220.5"
"284354","209.8","220.5"
"284573","209.8","220.5"
"284793","209.8","220.5"
"285014","209.8","220.5"
"285231","210","220.7"
"285451","210","220.7"
"285673","210","220.7"
"285880","210","220.7"
"286097","211.7","222.3"
"286305","211.7","222.3"
"286525","211.7","222.3"
"286745","211.7","222.3"
"286965","211.7","222.3"
"287174","211.7","222.4"
"287392","211.7","222.4"
"287605","211.7","222.4"
"287819","211.7","222.4"
"288040","211.9","222.5"
"288261","212","222.5"
"288480","211.9","222.5"
"288696","211.9","222.5"
"288916","213.8","224.3"
"289134","213.8","224.3"
"289349","213.8","224.3"
"289569","213.8","224.3"
"289788","213.8","224.3"
"290010","213.8","224.4"
"290232","213.8","224.4"
"290440","213.8","224.4"
"290663","213.8","224.4"
"290884","213.8","224.4"
"291100","214","224.5"
"291318","214.1","224.5"
"291543","214.1","224.5"
"291755","214.1","224.5"
"291961","214.1","224.5"
"292166","215.7","226.2"
"292385","215.7","226.2"
"292593","215.7","226.2"
"292802","215.7","226.2"
"293023","215.7","226.2"
"293226","215.7","226.2"
"293437","215.7","226.2"
"293648","215.7","226.3"
"293864","215.7","226.3"
"294085","215.9","226.4"
"294304","216","226.4"
"294520","216","226.4"
"294739","216","226.4"
"294949","216","226.4"
"295163","217.6","228.1"
"295381","217.6","228.1"
"295601","217.6","228.1"
"295820","217.6","228.1"
"296039","217.6","228.1"
"296258","217.6","228.1"
"296478","217.6","228.1"
"296697","217.6","228.1"
"296916","217.9","228.3"
"297124","217.9","228.3"
"297344","217.9","228.3"
"297564","217.9","228.3"
"297784","219.7","230.1"
"298004","219.7","230.1"
"298214","219.7","230.1"
"298433","219.7","230.1"
"298647","219.7","230.1"
"298866","219.7","230.1"
"299088","219.7","230.1"
"299298","219.7","230.1"
"299519","219.7","230.1"
"299737","219.9","230.3"
"299957","220","230.3"
"300164","220","230.4"
"300381","220","230.4"
"300589","221.7","232"
"300806","221.7","232"
"301014","221.7","232"
"301231","221.7","232"
"301438","221.7","232"
"301644","221.7","232.1"
"301866","221.7","232.1"
"302083","221.7","232.1"
"302291","221.7","232.1"
"302507","221.9","232.3"
"302724","222","232.3"
"302944","221.9","232.3"
"303154","221.9","232.3"
"303374","221.9","232.3"
"303584","223.6","233.9"
"303796","223.6","233.9"
"304004","223.6","233.9"
"304224","223.6","233.9"
"304436","223.6","233.9"
"304645","223.6","233.9"
"304850","223.6","233.9"
"305069","223.6","233.9"
"305291","223.6","233.9"
"305508","223.8","234.2"
"305729","223.8","234.2"
"305950","223.8","234.2"
"306165","223.8","234.2"
"306373","225.6","235.9"
"306592","225.6","235.9"
"306811","225.6","235.9"
"307029","225.6","235.9"
"307249","225.6","235.9"
"307456","225.6","235.9"
"307665","225.6","235.9"
"307870","225.6","235.9"
"308086","225.6","235.9"
"308292","225.8","236.1"
"308513","225.9","236.1"
"308732","225.8","236.1"
"308955","225.8","236.1"
"309178","227.6","237.8"
"309404","227.6","237.8"
"309625","227.6","237.8"
"309844","227.6","237.8"
"310063","227.6","237.8"
"310280","227.6","237.9"
"310491","227.6","237.9"
"310699","227.6","237.9"
"310915","227.6","237.9"
"311124","227.6","237.9"
"311343","227.9","238.1"
"311551","227.9","238.1"
"311771","227.9","238.1"
"311982","227.9","238.1"
"312200","229.6","239.7"
"312422","229.6","239.7"
"312629","229.6","239.7"
"312846","229.6","239.7"
"313074","229.6","239.8"
"313291","229.6","239.7"
"313508","229.6","239.7"
"313725","229.6","239.7"
"313934","229.6","239.7"
"314143","229.8","239.9"
"314364","229.9","239.9"
"314583","229.8","239.9"
"314801","229.8","239.9"
"315010","231.5","241.6"
"315230","231.5","241.6"
"315452","231.5","241.6"
"315675","231.5","241.6"
"315886","231.5","241.6"
"316107","231.5","241.6"
"316323","231.5","241.6"
"316543","231.5","241.7"
"316764","231.5","241.7"
"316982","231.7","241.8"
"317199","231.8","241.8"
"317417","231.7","241.8"
"317638","231.7","241.8"
"317855","233.6","243.6"
"318062","233.6","243.6"
"318267","233.6","243.6"
"318476","233.6","243.6"
"318697","233.6","243.6"
"318916","233.6","243.6"
"319136","233.6","243.6"
"319354","233.6","243.6"
"319562","233.6","243.6"
"319781","233.8","243.8"
"320000","233.9","243.8"
"320220","233.8","243.8"
"320432","233.8","243.8"
"320647","233.8","243.8"
"320865","235.5","245.5"
"321084","235.5","245.5"
"321304","235.5","245.5"
"321522","235.5","245.4"
"321740","235.5","245.5"
"321958","235.5","245.5"
"322177","235.5","245.5"
"322385","235.5","245.5"
"322598","235.7","245.7"
"322816","235.8","245.7"
"323038","235.7","245.7"
"323248","235.7","245.7"
"323464","235.7","245.7"
"323684","237.4","247.3"
"323902","237.4","247.3"
"324111","237.4","247.3"
"324323","237.4","247.3"
"324544","237.4","247.4"
"324760","237.4","247.4"
"324979","237.4","247.3"
"325185","237.4","247.3"
"325405","237.4","247.3"
"325616","237.7","247.6"
"325824","237.7","247.6"
"326034","237.7","247.6"
"326246","237.7","247.6"
"326462","239.5","249.3"
"326676","239.5","249.3"
"326896","239.5","249.3"
"327123","239.5","249.3"
"327330","239.5","249.3"
"327547","239.5","249.4"
"327756","239.5","249.4"
"327976","239.5","249.4"
"328187","239.5","249.4"
"328400","239.7","249.6"
"328613","239.8","249.6"
"328820","239.8","249.6"
"329041","239.7","249.6"
"329260","239.7","249.6"
"329478","242.1","252"
"329684","242.1","252"
"329892","242.1","252"
"330109","242.1","252"
"330329","242.1","252"
"330552","242.1","252"
"330761","242.1","252"
"330972","242.1","252"
"331193","242.1","252"
"331413","242.1","252"
"331631","242.2","252"
"331840","242.1","252"
"332060","242.1","252"
"332279","243.2","252.9"
"332497","243.2","252.9"
"332716","243.2","252.9"
"332935","243.2","252.9"
"333153","243.2","252.9"
"333370","243.2","252.9"
"333589","243.2","252.8"
"333806","243.3","252.9"
"334023","243.5","253.1"
"334230","243.7","253.3"
"334452","243.9","253.5"
"334669","243.9","253.5"
"334887","243.8","253.5"
"335095","245.6","255.1"
"335319","245.6","255.1"
"335541","245.6","255.1"
"335761","245.6","255.1"
"335971","245.6","255.1"
"336181","245.6","255.2"
"336393","245.6","255.2"
"336605","245.6","255.2"
"336824","245.6","255.2"
"337051","245.6","255.2"
"337273","245.8","255.4"
"337485","245.8","255.4"
"337704","245.7","255.4"
"337921","245.7","255.4"
"338141","247.4","257.1"
"338361","247.4","257.1"
"338583","247.4","257.1"
"338804","247.4","257"
"339011","247.4","257"
"339229","247.4","257.1"
"339448","247.4","257.1"
"339661","247.4","257.1"
"339872","247.4","257.1"
"340093","247.4","257.1"
"340310","247.6","257.3"
"340527","247.6","257.3"
"340752","247.6","257.3"
"340971","249.3","258.9"
"341191","249.3","258.9"
"341404","249.3","258.9"
"341623","249.3","258.9"
"341833","249.3","258.9"
"342041","249.3","258.9"
"342260","249.3","258.9"
"342481","249.3","258.9"
"342702","249.3","258.9"
"342922","249.5","259"
"343140","249.6","259"
"343361","249.5","259"
"343585","249.5","259"
"343804","251.3","260.8"
"344743","251.3","260.8"
"344966","251.3","260.8"
"345174","251.3","260.8"
"345398","251.3","260.8"
"345615","251.3","260.8"
"345835","251.5","260.9"
"346055","251.6","260.9"
"346274","251.6","260.9"
"346496","251.5","260.9"
"346717","251.5","260.9"
"346938","253.2","262.7"
"347154","253.2","262.7"
"347368","253.2","262.7"
"347585","253.2","262.7"
"347807","253.2","262.7"
"348028","253.2","262.6"
"348241","253.2","262.6"
"348452","253.2","262.6"
"348660","253.2","262.6"
"348872","253.2","262.6"
"349086","253.2","262.6"
"349298","253.4","262.8"
"349518","253.5","262.8"
"349745","253.5","262.8"
"349964","253.5","262.8"
"350178","253.5","262.8"
"350401","253.5","262.8"
"350626","253.4","262.8"
"350844","253.4","262.8"
"351069","253.4","262.8"
"351290","253.4","262.8"
"351519","255.1","264.6"
"351727","255.1","264.6"
"351937","255.1","264.6"
"352157","255.1","264.6"
"352374","255.1","264.6"
"352591","255.1","264.6"
"352798","255.1","264.5"
"353014","255.1","264.5"
"353226","255.1","264.5"
"353444","255.1","264.5"
"353665","255.1","264.5"
"353876","255.1","264.5"
"354100","255.1","264.5"
"354317","255.4","264.6"
"354539","255.4","264.6"
"354762","255.4","264.6"
"354982","255.4","264.6"
"355197","255.4","264.6"
"355415","257.1","266.4"
"355626","257.1","266.4"
"355850","257.1","266.4"
"356067","257.1","266.4"
"356288","257.1","266.4"
"356503","257.1","266.4"
"356712","257.1","266.4"
"356931","257.1","266.4"
"357154","257.1","266.4"
"357375","257.1","266.4"
"357591","257.3","266.5"
"357801","257.3","266.5"
"358017","257.5","266.7"
"358240","257.5","266.7"
"358455","257.7","266.9"
"358670","257.7","266.9"
"358891","257.7","266.9"
"359114","257.7","266.9"
"359329","257.7","266.9"
"359551","259.4","268.5"
"359771","259.4","268.5"
"359993","259.4","268.5"
"360212","259.4","268.5"
"360434","259.4","268.5"
"360637","259.4","268.5"
"360853","259.4","268.5"
"361079","259.4","268.5"
"361304","259.4","268.5"
"361522","259.4","268.5"
"361740","259.4","268.5"
"361947","259.4","268.5"
"362169","259.4","268.5"
"362394","259.4","268.5"
"362610","259.6","268.7"
"362834","259.6","268.7"
"363055","259.6","268.7"
"363275","259.6","268.7"
"363494","259.6","268.7"
"363714","259.6","268.7"
"363943","261.3","270.5"
"364159","261.3","270.5"
"364378","261.3","270.5"
"364595","261.3","270.5"
"364819","261.3","270.5"
"365042","261.3","270.5"
"365259","261.3","270.5"
"365483","261.3","270.5"
"365705","261.3","270.4"
"365923","261.3","270.4"
"366143","261.3","270.4"
"366366","261.3","270.4"
"366586","261.3","270.4"
"366807","261.3","270.4"
"367018","261.5","270.6"
"367241","261.5","270.6"
"367457","261.5","270.6"
"367675","261.5","270.6"
"367899","261.5","270.6"
"368120","261.5","270.6"
"368343","263.3","272.4"
"368565","263.3","272.4"
"368781","263.3","272.4"
"368990","263.3","272.4"
"369202","263.3","272.4"
"369412","263.3","272.3"
"369628","263.3","272.3"
"369838","263.3","272.3"
"370061","263.3","272.3"
"370275","263.3","272.3"
"370488","263.3","272.3"
"370709","263.3","272.3"
"370926","263.3","272.3"
"371149","263.3","272.3"
"371366","263.5","272.4"
"371586","263.5","272.4"
"371809","263.5","272.4"
"372027","263.5","272.4"
"372247","263.5","272.4"
"372462","264","273"
"372685","265.2","274.2"
"372894","265.2","274.2"
"373116","265.2","274.2"
"373336","265.2","274.2"
"373555","265.2","274.2"
"373773","265.2","274.2"
"373996","265.2","274.2"
"374213","265.2","274.2"
"374433","265.2","274.2"
"374653","265.2","274.2"
"374864","265.4","274.3"
"375073","265.4","274.3"
"375292","265.4","274.3"
"375512","265.4","274.3"
"375724","265.4","274.3"
"375946","265.4","274.3"
"376161","267.1","276.1"
"376369","267.1","276.1"
"376594","267.1","276.1"
"376815","267.1","276.1"
"377034","267.1","276.1"
"377251","267.1","276.1"
"377471","267.1","276.1"
"377692","267.1","276.1"
"377914","267.1","276.1"
"378122","267.1","276"
"378336","267.1","276"
"378555","267.1","276"
"378775","267.1","276"
"379002","267.3","276.2"
"379221","267.3","276.2"
"379436","267.3","276.2"
"379657","267.3","276.2"
"379878","267.3","276.2"
"380098","267.3","276.2"
"380309","269.1","278"
"380527","269.1","278"
"380745","269.1","278"
"380957","269.1","278"
"381172","269.1","277.9"
"381379","269.1","277.9"
"381597","269.1","277.9"
"381815","269.1","277.9"
"382036","269.1","277.9"
"382255","269.1","277.9"
"382484","269.2","278"
"382697","269.4","278.2"
"382909","269.6","278.3"
"383126","269.6","278.3"
"383348","269.6","278.3"
"383568","269.6","278.3"
"383789","271.3","280"
"384009","271.3","280"
"384229","271.3","280"
"384450","271.3","280"
"384656","271.3","280"
"384878","271.3","280"
"385101","271.3","280.1"
"385316","271.3","280.1"
"385533","271.3","280.1"
"385746","271.3","280.2"
"385966","271.3","280.2"
"386186","271.3","280.2"
"386406","271.5","280.3"
"386623","271.5","280.3"
"386842","271.5","280.3"
"387050","271.5","280.3"
"387264","273.9","282.7"
"387472","273.9","282.7"
"387681","273.9","282.7"
"387901","273.9","282.6"
"388108","273.9","282.6"
"388327","273.9","282.6"
"388538","273.9","282.6"
"388756","273.9","282.6"
"388969","273.9","282.6"
"389189","273.9","282.6"
"389403","273.9","282.6"
"389624","273.9","282.6"
"389842","273.9","282.6"
"390060","273.9","282.6"
"390279","274.9","283.2"
"390494","274.9","283.2"
"390703","274.9","283.2"
"390914","274.9","283.2"
"391127","274.9","283.2"
"391349","274.9","283.2"
"391569","274.9","283.4"
"391777","274.9","283.4"
"391997","274.9","283.6"
"392204","275.1","283.8"
"392423","275.1","283.8"
"392644","275.1","283.8"
"392862","275.1","283.8"
"393085","277","285.6"
"393301","277","285.6"
"393518","277","285.6"
"393737","277","285.6"
"393959","277","285.6"
"394178","277","285.6"
"394398","277","285.6"
"394619","277","285.6"
"394831","277","285.6"
"395047","277.2","285.7"
"395269","277.2","285.7"
"395490","277.2","285.7"
"395712","277.2","285.7"
"395933","277.2","285.7"
"396145","278.9","287.6"
"396364","278.9","287.6"
"396568","278.9","287.6"
"396786","278.9","287.5"
"397004","278.9","287.5"
"397223","278.9","287.5"
"397441","278.9","287.5"
"397663","278.9","287.5"
"397882","278.9","287.5"
"398099","279.1","287.6"
"398324","279.1","287.6"
"398530","279.1","287.6"
"398749","279.1","287.6"
"398957","280.8","289.4"
"399168","280.8","289.4"
"399374","280.8","289.4"
"399595","280.8","289.4"
"399815","280.8","289.4"
"400032","280.8","289.4"
"400253","280.8","289.4"
"400469","280.8","289.4"
"400688","280.8","289.4"
"400910","281.1","289.5"
"401119","281.1","289.5"
"401326","281.1","289.5"
"401544","281.1","289.5"
"401763","281.1","289.5"
"401982","282.8","291.3"
"402191","282.8","291.3"
"402413","282.8","291.3"
"402625","282.8","291.3"
"402834","282.8","291.3"
"403048","282.8","291.3"
"403264","282.8","291.3"
"403482","282.9","291.3"
"403701","282.9","291.3"
"403918","283.1","291.5"
"404137","283.3","291.7"
"404356","283.3","291.7"
"404563","283.3","291.7"
"404782","285","293.4"
"404990","285","293.4"
"405212","285","293.4"
"405419","285","293.4"
"405638","285","293.3"
"405858","285","293.5"
"406077","285","293.5"
"406296","285","293.5"
"406504","285","293.5"
"406725","285","293.5"
"406933","285.2","293.6"
"407152","285.2","293.6"
"407369","285.2","293.6"
"407591","285.2","293.6"
"407812","286.9","295.3"
"408031","286.9","295.3"
"408240","286.9","295.3"
"408449","286.9","295.3"
"408660","286.9","295.3"
"408877","286.9","295.3"
"409094","286.9","295.3"
"409307","286.9","295.3"
"409530","286.9","295.3"
"409746","286.9","295.3"
"409964","287.1","295.4"
"410178","287.1","295.4"
"410389","287.1","295.4"
"410601","287.1","295.4"
"410809","287.1","295.4"
"411029","287.6","295.9"
"411241","288.8","297.1"
"411451","288.8","297.1"
"411670","288.8","297.1"
"411886","288.8","297.1"
"412098","288.8","297.1"
"412313","288.8","297"
"412539","288.8","297"
"412746","288.8","297.1"
"412960","288.8","297.1"
"413180","288.8","297.1"
"413397","288.8","297.1"
"413619","288.8","297.1"
"413833","288.8","297.1"
"414045","289.1","297.3"
"414267","289.1","297.3"
"414488","289.1","297.3"
"414706","289.1","297.3"
"414921","289.1","297.3"
"415135","289.1","297.3"
"415352","289.1","297.3"
"415568","290.9","299.1"
"415791","290.9","299.1"
"416003","290.9","299.1"
"416216","290.9","299.1"
"416426","290.9","299.1"
"416642","290.9","299.2"
"416852","290.9","299.1"
"417067","290.9","299.1"
"417288","290.9","299.1"
"417497","290.9","299.1"
"417713","290.9","299.1"
"417930","290.9","299.1"
"418148","290.9","299.1"
"418368","291.1","299.3"
"418580","291.1","299.3"
"418797","291.1","299.3"
"419015","291.1","299.3"
"419231","291.1","299.3"
"419445","291.1","299.3"
"419666","292.8","301.1"
"419883","292.8","301.1"
"420098","292.8","301.1"
"420311","292.8","301.1"
"420529","292.8","301.1"
"420746","292.8","301.1"
"420962","292.8","301.1"
"421177","292.8","301.1"
"421384","292.8","301.1"
"421598","292.8","301.1"
"421813","293.1","301.2"
"422031","293.1","301.2"
"422246","293.1","301.2"
"422453","293.1","301.2"
"422675","294.8","303"
"422896","294.8","303"
"423111","294.8","303"
"423334","294.8","303"
"423543","294.8","303"
"423760","294.8","303"
"423979","294.8","302.9"
"424193","294.8","302.9"
"424406","294.8","302.9"
"424627","294.8","302.9"
"424850","294.8","302.9"
"425072","294.8","302.9"
"425287","294.8","302.9"
"425510","295","303"
"425725","295","303"
"425941","295","303"
"426155","295","303"
"426373","295","303"
"426587","295","303"
"426793","296.7","304.9"
"426999","296.7","304.9"
"427213","296.7","304.9"
"427429","296.7","304.9"
"427649","296.7","304.9"
"427864","296.7","304.9"
"428072","296.7","304.8"
"428291","296.7","304.8"
"428503","296.7","304.8"
"428729","296.7","304.8"
"428948","296.7","304.8"
"429160","296.7","304.8"
"429372","296.7","304.8"
"429586","296.9","304.9"
"429800","296.9","304.9"
"430018","296.9","304.9"
"430237","296.9","304.9"
"430454","296.9","304.9"
"430662","296.9","304.9"
"430886","296.9","304.9"
"431101","298.6","306.6"
"431318","298.6","306.6"
"431539","298.6","306.6"
"431755","298.6","306.6"
"431968","298.6","306.6"
"432192","298.6","306.6"
"432402","298.6","306.6"
"432620","298.6","306.6"
"432838","298.6","306.6"
"433058","298.6","306.6"
"433281","298.6","306.6"
"433495","298.9","306.8"
"433710","298.9","306.8"
"433924","298.9","306.8"
"434144","298.9","306.8"
"434358","300.6","308.6"
"434575","300.6","308.6"
"434787","300.6","308.6"
"434996","300.6","308.6"
"435205","300.6","308.6"
"435433","300.6","308.6"
"435650","300.6","308.6"
"435866","300.6","308.5"
"436082","300.6","308.5"
"436295","300.6","308.5"
"436510","300.6","308.5"
"436725","300.8","308.7"
"436941","300.8","308.7"
"437161","300.8","308.7"
"437374","300.8","308.7"
"437589","300.8","308.7"
"437803","302.5","310.5"
"438024","302.5","310.5"
"438238","302.5","310.5"
"438458","302.5","310.5"
"438680","302.5","310.4"
"438895","302.5","310.4"
"439110","302.5","310.4"
"439325","302.5","310.4"
"439544","302.5","310.4"
"439763","302.5","310.4"
"439979","302.5","310.4"
"440191","302.7","310.6"
"440417","302.7","310.6"
"440630","302.7","310.6"
"440844","302.7","310.6"
"441064","302.7","310.6"
"441275","304.4","312.3"
"441485","304.4","312.3"
"441701","304.4","312.3"
"441915","304.4","312.3"
"442125","304.4","312.3"
"442345","304.4","312.3"
"442559","304.4","312.3"
"442766","304.4","312.3"
"442979","304.4","312.3"
"443188","304.6","312.4"
"443396","304.8","312.6"
"443611","305","312.8"
"443820","305","312.8"
"444028","305","312.8"
"444246","305","312.8"
"444457","306.7","314.4"
"444670","306.7","314.4"
"444883","306.7","314.4"
"445094","306.7","314.4"
"445315","306.7","314.4"
"445526","306.7","314.4"
"445738","306.7","314.4"
"445955","306.7","314.4"
"446174","306.7","314.4"
"446391","306.9","314.6"
"446608","306.9","314.6"
"446818","306.9","314.6"
"447037","306.9","314.6"
"447251","306.9","314.6"
"447464","308.6","316.4"
"447679","308.6","316.4"
"447892","308.6","316.4"
"448107","308.6","316.4"
"448320","308.6","316.3"
"448532","308.6","316.3"
"448751","308.6","316.3"
"448961","308.6","316.3"
"449173","308.6","316.3"
"449388","308.9","316.4"
"449604","308.9","316.5"
"449817","308.9","316.5"
"450030","308.9","316.5"
"450244","308.9","316.5"
"450465","310.6","318.2"
"450674","310.6","318.2"
"450890","310.6","318.2"
"451109","310.6","318.2"
"451321","310.6","318.2"
"451537","310.6","318.2"
"451748","310.6","318.2"
"451962","310.6","318.2"
"452172","310.6","318.2"
"452384","310.8","318.3"
"452605","310.8","318.3"
"452823","310.8","318.3"
"453040","310.8","318.3"
"453256","310.8","318.3"
"453474","312.5","320"
"453695","312.5","320"
"453912","312.5","320"
"454123","312.5","320"
"454339","312.5","320"
"454557","312.5","320"
"454769","312.5","320"
"454986","312.5","320"
"455198","312.5","320"
"455407","312.5","320"
"455626","312.5","320"
"455849","312.5","320"
"456056","312.7","320.2"
"456269","312.7","320.2"
"456478","312.7","320.2"
"456697","312.7","320.2"
"456910","312.7","320.2"
"457120","314.4","322"
"457341","314.4","322"
"457555","314.4","322"
"457786","314.4","322"
"457999","314.4","322"
"458218","314.4","322"
"458429","314.4","321.9"
"458636","314.4","321.9"
"458855","314.4","321.9"
"459065","314.4","321.9"
"459296","314.4","321.9"
"459509","314.6","322.1"
"459715","314.6","322.1"
"459930","314.6","322.1"
"460149","314.6","322.1"
"460357","314.6","322.1"
"460571","314.6","322.1"
"460788","314.6","322.1"
"461005","316.4","323.9"
"461224","316.4","323.9"
"461435","316.4","323.9"
"461643","316.4","323.9"
"461859","316.4","323.8"
"462071","316.4","323.8"
"462284","316.4","323.8"
"462501","316.4","323.8"
"462716","316.4","323.8"
"462937","316.6","323.9"
"463146","316.6","323.9"
"463365","316.6","323.9"
"463577","316.6","323.9"
"463793","316.6","323.9"
"464007","318.3","325.7"
"464228","318.3","325.7"
"464442","318.3","325.7"
"464658","318.3","325.7"
"464879","318.3","325.7"
"465095","318.3","325.7"
"465309","318.3","325.7"
"465523","318.3","325.7"
"465735","318.4","325.7"
"465951","318.7","325.9"
"466167","318.8","326.1"
"466383","318.8","326.1"
"466598","318.8","326.1"
"466815","318.8","326.1"
"467029","320.5","327.3"
"467245","320.5","327.3"
"467465","320.5","327.3"
"467675","320.5","327.6"
"467893","320.5","327.5"
"468108","320.5","327.5"
"468325","320.5","327.5"
"468534","320.5","327.5"
"468749","320.5","327.6"
"468965","320.8","327.8"
"469177","320.8","327.8"
"469391","320.8","327.8"
"469606","320.8","327.8"
"469820","320.8","327.8"
"470034","322.5","329.7"
"470246","322.5","329.7"
"470464","322.5","329.7"
"470681","322.5","329.6"
"470898","322.5","329.6"
"471113","322.5","329.7"
"471325","322.5","329.7"
"471533","322.5","329.7"
"471748","322.5","329.7"
"471965","322.7","329.8"
"472175","322.7","329.8"
"472388","322.7","329.8"
"472606","322.7","329.8"
"472816","322.7","329.8"
"473032","324.4","331.5"
"473248","324.4","331.5"
"473463","324.4","331.5"
"473676","324.4","331.5"
"473888","324.4","331.5"
"474101","324.4","331.5"
"474318","324.4","331.6"
"474540","324.4","331.6"
"474753","324.4","331.5"
"474973","324.4","331.6"
"475186","324.4","331.6"
"475406","324.4","331.6"
"475629","324.6","331.8"
"475840","324.6","331.8"
"476048","324.6","331.8"
"476262","324.6","331.8"
"476475","324.6","331.8"
"476692","324.6","331.8"
"476913","326.5","333.5"
"477134","326.5","333.5"
"477357","326.5","333.5"
"477572","326.5","333.5"
"477792","326.5","333.5"
"478017","326.5","333.5"
"478229","326.5","333.5"
"478453","326.5","333.6"
"478664","326.5","333.6"
"478886","326.5","333.5"
"479106","326.5","333.5"
"479327","326.5","333.5"
"479544","326.5","333.5"
"479747","326.7","333.8"
"479964","326.7","333.8"
"480184","326.7","333.8"
"480402","326.7","333.8"
"480609","326.7","333.8"
"480829","326.7","333.8"
"481041","328.4","335.4"
"481259","328.4","335.4"
"481474","328.4","335.4"
"481691","328.4","335.4"
"481909","328.4","335.4"
"482129","328.4","335.4"
"482339","328.4","335.4"
"482561","328.4","335.4"
"482784","328.4","335.4"
"483001","328.4","335.4"
"483214","328.4","335.4"
"483426","328.4","335.4"
"483646","328.6","335.6"
"483866","328.6","335.6"
"484084","328.6","335.6"
"484308","328.6","335.6"
"484517","328.6","335.6"
"484736","330.3","337.3"
"484952","330.3","337.3"
"485173","330.3","337.3"
"485397","330.3","337.3"
"485604","330.3","337.2"
"485825","330.3","337.3"
"486046","330.3","337.3"
"486263","330.3","337.3"
"486482","330.3","337.3"
"486703","330.6","337.5"
"486911","330.6","337.5"
"487130","330.6","337.5"
"487353","330.6","337.5"
"487571","330.6","337.5"
"487791","332.3","339.1"
"487998","332.3","339.1"
"488220","332.3","339.1"
"488441","332.3","339.1"
"488657","332.3","339.2"
"488863","332.3","339.2"
"489082","332.3","339.2"
"489300","332.3","339.2"
"489568","332.2","339.2"
"489790","332.4","339.4"
"490008","332.4","339.4"
"490233","332.4","339.4"
"490455","332.4","339.4"
"490676","332.4","339.4"
"490895","332.4","339.4"
"491117","332.4","339.4"
"491332","332.4","339.4"
"491552","332.4","339.4"
"491775","334.1","341"
"491990","334.1","341"
"492203","334.1","341"
"492423","334.1","341"
"492640","334.1","341"
"492855","334.1","341"
"493076","334.1","341"
"493286","334.1","341"
"493504","334.1","341"
"493714","334.1","341"
"493924","334.1","341"
"494144","334.1","341"
"494362","334.4","341.2"
"494579","334.4","341.2"
"494803","334.4","341.2"
"495009","334.4","341.2"
"495229","336.2","342.6"
"495447","336.2","342.6"
"495666","336.2","342.6"
"495883","336.2","342.7"
"496093","336.2","342.7"
"496311","336.2","342.7"
"496532","336.2","342.7"
"496753","336.2","342.8"
"496965","336.2","342.9"
"497183","336.4","343.1"
"497403","336.5","343.1"
"497623","336.5","343.1"
"497833","336.5","343.1"
"498052","336.4","343.1"
"498271","338.1","344.9"
"498477","338.1","344.9"
"498696","338.1","344.9"
"498909","338.1","344.9"
"499120","338.1","344.9"
"499340","338.1","344.9"
"499560","338.1","344.9"
"499778","338.1","344.9"
"499991","338.4","345"
"500208","338.4","345"
"500420","338.4","345"
"500639","338.4","345"
"500860","338.4","345"
"501080","340.2","346.9"
"501299","340.2","346.9"
"501514","340.2","346.9"
"501734","340.2","346.8"
"501941","340.2","346.9"
"502161","340.2","346.9"
"502379","340.2","346.9"
"502599","340.2","346.9"
"502814","340.2","346.9"
"503038","340.4","347.1"
"503257","340.5","347.1"
"503475","340.5","347.1"
"503685","340.5","347.1"
"503892","342.3","348.9"
"504102","342.3","348.9"
"504317","342.3","348.9"
"504529","342.3","348.9"
"504743","342.3","348.8"
"504965","342.3","348.9"
"505179","342.3","348.9"
"505389","342.3","348.9"
"505608","342.3","348.9"
"505832","342.3","348.9"
"506055","342.5","349.1"
"506268","342.6","349.1"
"506481","342.6","349.1"
"506688","342.6","349.1"
"506906","344.2","350.7"
"507123","344.2","350.7"
"507335","344.2","350.7"
"507546","344.2","350.7"
"507763","344.2","350.7"
"507981","344.2","350.8"
"508203","344.2","350.7"
"508423","344.2","350.7"
"508640","344.2","350.7"
"508853","344.4","350.9"
"509061","344.5","350.9"
"509276","344.5","350.9"
"509483","344.5","350.9"
"509703","344.4","350.9"
"509928","346.2","352.6"
"510140","346.2","352.6"
"510361","346.2","352.6"
"510581","346.2","352.6"
"510803","346.2","352.6"
"511023","346.2","352.6"
"511231","346.2","352.6"
"511448","346.2","352.6"
"511673","346.4","352.8"
"511895","346.4","352.8"
"512115","346.4","352.8"
"512332","346.4","352.8"
"512550","348.1","354.5"
"512771","348.1","354.5"
"512993","348.1","354.5"
"513211","348.1","354.4"
"513423","348.1","354.5"
"513641","348.1","354.5"
"513862","348.1","354.5"
"514087","348.1","354.5"
"514310","348.1","354.5"
"514526","348.1","354.5"
"514750","348.3","354.6"
"514969","348.4","354.7"
"515185","348.3","354.7"
"515403","348.3","354.7"
"515619","348.3","354.7"
"515837","348.3","354.7"
"516060","350","356.5"
"516282","350","356.5"
"516504","350","356.5"
"516724","350","356.5"
"516945","350","356.5"
"517169","350","356.4"
"517384","350","356.4"
"517604","350","356.4"
"517829","350","356.4"
"518055","350","356.4"
"518272","350","356.4"
"518494","350.2","356.5"
"518711","350.3","356.5"
"518929","350.3","356.5"
"519149","350.2","356.5"
"519365","350.2","356.5"
"519580","350.2","356.5"
"519790","352","358.3"
"520009","352","358.3"
"520217","352","358.3"
"520429","352","358.3"
"520644","352","358.3"
"520858","352","358.3"
"521075","352","358.3"
"521283","352","358.3"
"521503","352","358.3"
"521713","352","358.3"
"521932","352","358.3"
"522152","352.2","358.4"
"522369","352.2","358.4"
"522583","352.2","358.4"
"522794","352.2","358.4"
"523014","352.2","358.4"
"523228","352.2","358.4"
"523440","352.3","358.5"
"523655","354","360.2"
"523868","354","360.2"
"524095","354","360.2"
"524319","354","360.2"
"524541","354","360.3"
"524754","354","360.3"
"524972","354","360.3"
"525192","354","360.3"
"525403","354","360.2"
"525624","354","360.2"
"525834","354","360.2"
"526050","354.3","360.4"
"526274","354.3","360.4"
"526488","354.3","360.4"
"526705","354.3","360.4"
"526929","354.3","360.4"
"527148","354.3","360.4"
"527370","354.3","360.4"
"527584","356","362.2"
"527806","356","362.2"
"528013","356","362.2"
"528233","356","362.2"
"528452","356","362.2"
"528673","356","362.2"
"528896","356","362.2"
"529114","356","362.2"
"529332","356","362.2"
"529553","356","362.2"
"529763","356","362.2"
"529985","356.2","362.3"
"530205","356.3","362.3"
"530418","356.2","362.3"
"530638","356.2","362.3"
"530850","356.2","362.3"
"531071","356.2","362.3"
"531287","357.9","364.1"
"531510","357.9","364.1"
"531728","357.9","364.1"
"531949","357.9","364.1"
"532161","357.9","364.1"
"532379","357.9","364.1"
"532602","357.9","364"
"532819","357.9","364"
"533026","357.9","364"
"533249","357.9","364"
"533472","357.9","364"
"533691","357.9","364"
"533909","358.1","364.1"
"534127","358.1","364.1"
"534347","358.2","364.1"
"534565","358.2","364.1"
"534777","358.2","364.1"
"534999","358.2","364.1"
"535213","359.8","366"
"535436","359.8","366"
"535652","359.8","366"
"535873","359.8","366"
"536100","359.8","366"
"536315","359.8","365.9"
"536537","359.8","365.9"
"536757","359.8","365.9"
"536973","359.8","365.9"
"537191","359.8","365.9"
"537406","359.8","365.9"
"537622","360","366"
"537841","360","366"
"538049","360.2","366.2"
"538267","360.4","366.4"
"538488","360.4","366.4"
"538704","360.4","366.4"
"538919","360.4","366.4"
"539140","360.4","366.4"
"539353","362.1","368"
"539567","362.1","368"
"539786","362.1","368"
"540006","362.1","368"
"540217","362.1","368"
"540441","362.1","368"
"540659","362.1","368.1"
"540875","362.1","368.1"
"541095","362.1","368.1"
"541311","362.1","368.1"
"541521","362.1","368.1"
"541741","362.1","368.1"
"541960","362.3","368.3"
"542176","362.3","368.3"
"542401","362.3","368.3"
"542620","362.3","368.3"
"542830","362.3","368.3"
"543048","364","370"
"543266","364","370"
"543492","364","370"
"543713","364","370"
"543932","364","369.9"
"544141","364","369.9"
"544358","364","369.9"
"544581","364","369.9"
"544801","364","369.9"
"545018","364","369.9"
"545228","364","369.9"
"545442","364","369.9"
"545662","364.2","370"
"545882","364.3","370"
"546108","364.3","370"
"546320","364.2","370"
"546542","364.2","370"
"546762","364.2","370"
"546983","365.9","371.7"
"547202","365.9","371.7"
"547415","365.9","371.7"
"547634","365.9","371.7"
"547851","365.9","371.7"
"548075","365.9","371.7"
"548284","365.9","371.9"
"548507","365.9","371.9"
"548728","365.9","371.8"
"548947","365.9","371.8"
"549167","365.9","371.8"
"549393","365.9","371.8"
"549619","365.9","371.8"
"549836","365.9","371.8"
"550050","366.1","372"
"550259","366.1","372"
"550475","366.1","372"
"550686","366.1","372"
"550896","368.5","374.4"
"551116","368.5","374.4"
"551330","368.5","374.4"
"551548","368.5","374.4"
"551769","368.5","374.4"
"551980","368.5","374.4"
"552204","368.5","374.4"
"552421","368.5","374.4"
"552635","368.5","374.3"
"552855","368.5","374.3"
"553074","368.5","374.3"
"553292","368.5","374.3"
"553506","368.5","374.3"
"553726","368.5","374.4"
"553946","368.5","374.4"
"554167","368.5","374.4"
"554385","368.5","374.4"
"554604","369.5","375"
"554816","369.5","375"
"555034","369.5","375"
"555254","369.5","375"
"555474","369.5","375"
"555694","369.5","374.9"
"555904","369.5","374.9"
"556124","369.5","375"
"556342","369.5","375.3"
"556558","369.5","375.3"
"556781","369.6","375.4"
"556994","369.9","375.6"
"557211","370.1","375.8"
"557431","370.1","375.8"
"557638","370.1","375.8"
"557859","370.1","375.8"
"558080","370.1","375.8"
"558296","371.8","377.5"
"558514","371.8","377.5"
"558731","371.8","377.5"
"558939","371.8","377.5"
"559156","371.8","377.5"
"559376","371.8","377.4"
"559597","371.8","377.4"
"559818","371.8","377.5"
"560025","371.8","377.5"
"560240","371.8","377.4"
"560458","371.8","377.4"
"560678","371.8","377.4"
"560898","371.8","377.4"
"561116","372","377.7"
"561333","372","377.7"
"561556","372","377.7"
"561775","372","377.7"
"561998","372","377.7"
"562216","373.7","379.3"
"562424","373.7","379.3"
"562639","373.7","379.3"
"562856","373.7","379.3"
"563071","373.7","379.3"
"563294","373.7","379.3"
"563512","373.7","379.3"
"563728","373.7","379.3"
"563943","373.7","379.3"
"564159","373.7","379.3"
"564379","373.7","379.3"
"564604","373.7","379.3"
"564820","373.7","379.3"
"565038","373.9","379.5"
"565256","373.9","379.6"
"565477","373.9","379.6"
"565694","373.9","379.6"
"565906","373.9","379.6"
"566122","375.8","381.4"
"566333","375.8","381.4"
"566556","375.8","381.4"
"566774","375.8","381.4"
"566994","375.8","381.4"
"567214","375.8","381.4"
"567434","375.8","381.5"
"567652","375.8","381.4"
"567871","375.8","381.4"
"568092","375.8","381.4"
"568313","375.8","381.4"
"568534","376","381.6"
"568753","376","381.6"
"568974","376.1","381.6"
"569191","376.1","381.6"
"569420","376","381.6"
"569642","376","381.6"
"569859","377.9","383.4"
"570080","377.9","383.4"
"570304","377.9","383.4"
"570535","377.9","383.4"
"570743","377.9","383.4"
"570957","377.9","383.4"
"571178","377.9","383.5"
"571397","377.9","383.4"
"571615","377.9","383.4"
"571825","377.9","383.4"
"572036","377.9","383.4"
"572253","377.9","383.4"
"572462","378.1","383.6"
"572667","378.2","383.6"
"572892","378.2","383.6"
"573108","378.2","383.6"
"573323","378.2","383.6"
"573533","379.8","385.3"
"573744","379.8","385.3"
"573963","379.8","385.3"
"574182","379.8","385.3"
"574403","379.8","385.3"
"574623","379.8","385.3"
"574834","379.8","385.3"
"575052","379.8","385.3"
"575271","379.8","385.3"
"575491","379.8","385.3"
"575708","379.8","385.3"
"575932","380","385.5"
"576138","380.1","385.5"
"576357","380","385.5"
"576565","380","385.5"
"576785","380","385.5"
"576997","380","385.5"
"577218","381.7","387.2"
"577440","381.7","387.2"
"577660","381.7","387.2"
"577883","381.7","387.2"
"578098","381.7","387.1"
"578318","381.7","387.2"
"578538","381.7","387.2"
"578754","381.7","387.2"
"578974","381.7","387.2"
"579195","381.7","387.2"
"579412","381.7","387.2"
"579633","382","387.4"
"579841","382","387.4"
"580059","382","387.4"
"580279","382","387.4"
"580497","382","387.4"
"580714","384.4","389.7"
"580930","384.4","389.7"
"581142","384.4","389.7"
"581361","384.4","389.7"
"581584","384.4","389.7"
"581801","384.4","389.7"
"582011","384.4","389.7"
"582225","384.4","389.7"
"582451","384.4","389.7"
"582669","384.4","389.7"
"582888","384.4","389.7"
"583106","384.4","389.7"
"583322","384.4","389.7"
"583544","384.4","389.7"
"583762","384.4","389.7"
"583981","384.4","389.7"
"584188","384.4","389.7"
"584407","385.4","390.3"
"584628","385.4","390.3"
"584846","385.4","390.3"
"585068","385.4","390.3"
"585290","385.4","390.3"
"585508","385.4","390.3"
"585733","385.4","390.3"
"585952","385.4","390.4"
"586161","385.4","390.6"
"586379","385.5","390.8"
"586601","385.7","390.9"
"586825","385.7","390.9"
"587042","385.9","391.1"
"587261","386.1","391.3"
"587477","386.1","391.3"
"587693","386.1","391.3"
"587911","386.1","391.3"
"588131","386.1","391.3"
"588339","387.8","392.9"
"588560","387.8","392.9"
"588781","387.8","392.9"
"589003","387.8","392.9"
"589221","387.8","392.9"
"589442","387.8","392.9"
"589659","387.8","392.9"
"589882","387.8","392.9"
"590103","387.8","392.9"
"590322","387.8","392.9"
"590541","388","393.1"
"590761","388.1","393.1"
"590984","388.1","393.1"
"591204","388.1","393.1"
"591420","388","393.1"
"591638","389.7","394.9"
"591849","389.7","394.9"
"592068","389.7","394.9"
"592276","389.7","394.9"
"592497","389.7","394.9"
"592713","389.7","394.9"
"592934","389.7","394.9"
"593146","389.7","394.8"
"593367","389.7","394.8"
"593588","389.7","394.8"
"593812","389.7","394.8"
"594033","389.9","395"
"594245","389.9","395"
"594457","389.9","395"
"594681","389.9","395"
"594899","389.9","395"
"595117","389.9","395"
"595339","391.6","396.8"
"595550","391.6","396.8"
"595765","391.6","396.8"
"595979","391.6","396.8"
"596200","391.6","396.7"
"596416","391.6","396.7"
"596637","391.6","396.7"
"596858","391.6","396.7"
"597077","391.6","396.7"
"597289","391.6","396.7"
"597506","391.9","396.8"
"597715","391.9","396.9"
"597937","391.9","396.9"
"598155","391.9","396.9"
"598374","391.9","396.9"
"598586","391.9","396.9"
"598795","391.9","396.9"
"599019","393.6","398.6"
"599233","393.6","398.6"
"599453","393.6","398.6"
"599669","393.6","398.6"
"599894","393.6","398.6"
"600114","393.6","398.6"
"600332","393.6","398.6"
"600552","393.6","398.6"
"600772","393.6","398.6"
"600982","393.6","398.6"
"601197","393.6","398.6"
"601416","393.6","398.6"
"601624","393.9","398.7"
"601835","393.9","398.7"
"602044","393.9","398.7"
"602263","393.9","398.7"
"602482","393.9","398.7"
"602691","393.9","398.7"
"602907","395.6","400.5"
"603128","395.6","400.5"
"603346","395.6","400.5"
"603566","395.6","400.5"
"603783","395.6","400.5"
"604003","395.6","400.5"
"604220","395.6","400.5"
"604440","395.6","400.5"
"604658","395.6","400.5"
"604883","395.6","400.5"
"605094","395.6","400.5"
"605314","395.6","400.5"
"605531","395.8","400.6"
"605744","395.9","400.6"
"605957","395.9","400.6"
"606174","395.9","400.6"
"606387","395.8","400.6"
"606605","397.5","402.4"
"606825","397.5","402.4"
"607039","397.5","402.4"
"607251","397.5","402.4"
"607470","397.5","402.4"
"607690","397.5","402.4"
"607904","397.5","402.4"
"608125","397.5","402.4"
"608346","397.5","402.4"
"608565","397.5","402.4"
"608774","397.5","402.4"
"608987","397.5","402.4"
"609208","397.7","402.5"
"609426","397.8","402.5"
"609646","397.8","402.5"
"609857","397.8","402.5"
"610073","397.8","402.5"
"610299","397.8","402.5"
"610515","399.4","404.3"
"610737","399.4","404.3"
"610959","399.4","404.3"
"611180","399.4","404.3"
"611402","399.4","404.3"
"611622","399.4","404.3"
"611839","399.4","404.2"
"612050","399.4","404.2"
"612269","399.4","404.2"
"612482","399.4","404.2"
"612703","399.4","404.2"
"612921","399.6","404.3"
"613138","399.6","404.3"
"613355","399.8","404.5"
"613575","400.1","404.7"
"613794","400.1","404.7"
"614008","400.1","404.7"
"614220","400.1","404.7"
"614431","401.7","406.4"
"614651","401.7","406.4"
"614871","401.7","406.4"
"615087","401.7","406.4"
"615306","401.7","406.3"
"615520","401.7","406.4"
"615740","401.7","406.3"
"615959","401.7","406.3"
"616170","401.7","406.3"
"616390","401.7","406.3"
"616596","401.7","406.3"
"616818","401.9","406.5"
"617029","402","406.5"
"617247","402","406.5"
"617464","401.9","406.5"
"617674","401.9","406.5"
"617894","403.6","408.2"
"618110","403.6","408.2"
"618319","403.6","408.2"
"618539","403.6","408.2"
"618754","403.6","408.2"
"618966","403.6","408.2"
"619178","403.6","408.2"
"619399","403.6","408.2"
"619613","403.6","408.2"
"619829","403.6","408.2"
"620051","403.6","408.2"
"620273","403.9","408.4"
"620494","403.9","408.4"
"620714","403.9","408.4"
"620927","403.9","408.4"
"621146","403.9","408.4"
"621363","403.9","408.4"
"621575","403.9","408.4"
"621794","405.6","410.1"
"622018","405.6","410.1"
"622239","405.6","410.1"
"622450","405.6","410.1"
"622668","405.6","410"
"622892","405.6","410.1"
"623110","405.6","410.1"
"623334","405.6","410.1"
"623551","405.6","410.1"
"623774","405.6","410.1"
"623993","405.6","410.1"
"624211","405.8","410.3"
"624424","405.6","410.3"
"624634","405.9","410.3"
"624850","405.9","410.3"
"625070","405.9","410.3"
"625277","405.9","410.3"
"625497","407.5","412.1"
"625722","407.5","412.1"
"625942","407.5","412.1"
"626160","407.5","412.1"
"626370","407.5","412.1"
"626586","407.5","412"
"626799","407.5","412"
"627016","407.5","412"
"627239","407.5","412"
"627455","407.5","412"
"627674","407.5","412"
"627893","407.5","412"
"628112","407.7","412.2"
"628334","407.7","412.2"
"628543","407.7","412.2"
"628766","407.7","412.2"
"628990","407.7","412.2"
"629206","409.4","413.9"
"629431","409.4","413.9"
"629648","409.4","413.9"
"629866","409.4","413.9"
"630077","409.4","413.9"
"630294","409.4","413.9"
"630517","409.4","413.9"
"630732","409.4","413.9"
"630951","409.4","413.9"
"631171","409.4","413.9"
"631391","409.7","414"
"631610","409.7","414"
"631830","409.7","414"
"632054","409.7","414"
"632275","411.4","415.8"
"632492","411.4","415.8"
"632712","411.4","415.8"
"632932","411.4","415.8"
"633153","411.4","415.8"
"633374","411.4","415.7"
"633587","411.4","415.7"
"633804","411.5","415.8"
"634018","412","416.2"
"634236","412","416.2"
"634449","411.9","416.2"
"634670","413.6","417.8"
"634888","413.6","417.8"
"635106","413.6","417.8"
"635317","413.6","417.8"
"635537","413.6","417.8"
"635754","413.6","418"
"635975","413.6","418"
"636183","413.6","418"
"636393","413.6","418"
"636603","413.9","418.1"
"636813","413.8","418.1"
"637029","413.8","418.1"
"637248","415.5","419.8"
"637459","415.5","419.8"
"637682","415.5","419.8"
"637904","415.5","419.8"
"638115","415.5","419.8"
"638334","415.5","419.8"
"638548","415.5","419.8"
"638767","415.7","419.9"
"638977","415.8","419.9"
"639193","415.8","419.9"
"639402","415.7","419.9"
"639609","417.4","421.7"
"639821","417.4","421.7"
"640041","417.4","421.7"
"640255","417.4","421.7"
"640461","417.4","421.7"
"640683","417.4","421.7"
"640901","417.4","421.7"
"641123","417.4","421.7"
"641337","417.7","421.9"
"641548","417.7","421.9"
"641772","417.7","421.9"
"641986","417.7","421.9"
"642200","419.4","423.7"
"642417","419.4","423.7"
"642635","419.4","423.7"
"642854","419.4","423.7"
"643073","419.4","423.7"
"643296","419.4","423.7"
"643515","419.4","423.7"
"643735","419.6","423.8"
"643952","419.7","423.8"
"644162","419.7","423.8"
"644375","419.6","423.8"
"644600","421.3","425.5"
"644820","421.3","425.5"
"645040","421.3","425.5"
"645259","421.3","425.4"
"645480","421.3","425.5"
"645691","421.3","425.5"
"645912","421.3","425.5"
"646131","421.5","425.7"
"646350","421.5","425.7"
"646570","421.5","425.7"
"646781","421.5","425.7"
"646990","423.2","427.3"
"647206","423.2","427.3"
"647426","423.2","427.3"
"647644","423.2","427.3"
"647857","423.2","427.4"
"648076","423.2","427.4"
"648286","423.2","427.3"
"648502","423.2","427.3"
"648716","423.2","427.3"
"648939","423.2","427.3"
"649165","423.5","427.6"
"649385","423.5","427.6"
"649605","423.5","427.6"
"649814","423.5","427.6"
"650029","423.5","427.6"
"650247","425.2","429.2"
"650466","425.2","429.2"
"650685","425.2","429.2"
"650904","425.2","429.2"
"651116","425.2","429.2"
"651334","425.2","429.2"
"651553","425.2","429.2"
"651772","425.2","429.2"
"651993","425.2","429.2"
"652204","425.2","429.2"
"652428","425.2","429.2"
"652653","425.4","429.4"
"652864","425.5","429.4"
"653080","425.5","429.4"
"653302","425.5","429.4"
"653512","425.4","429.4"
"653734","425.4","429.4"
"653951","427.1","431.2"
"654162","427.1","431.2"
"654381","427.1","431.2"
"654594","427.1","431.2"
"654813","427.1","431.2"
"655030","427.1","431.2"
"655248","427.1","431.1"
"655464","427.1","431.1"
"655683","427.1","431.1"
"655902","427.4","431.2"
"656113","427.3","431.2"
"656325","427.3","431.2"
"656552","429","433.1"
"656771","429","433.1"
"656986","429","433.1"
"657197","429","433.1"
"657418","429","433"
"657638","429","433"
"657859","429","433"
"658077","429","433"
"658297","429.3","433.1"
"658510","429.3","433.1"
"658729","429.3","433.1"
"658943","429.3","433.1"
"659163","431","434.5"
"659373","431","434.5"
"659594","431","434.5"
"659814","431","434.6"
"660034","431","434.6"
"660253","431","434.6"
"660463","431","434.6"
"660674","431","434.9"
"660891","431","434.9"
"661109","431.1","435"
"661322","431.3","435.1"
"661538","431.6","435.3"
"661755","431.6","435.3"
"661966","431.6","435.3"
"662179","431.6","435.3"
"662395","431.6","435.3"
"662611","433.2","437"
"662827","433.2","437"
"663037","433.2","437"
"663259","433.2","437"
"663483","433.2","437"
"663707","433.2","437"
"663922","433.2","437"
"664141","433.2","437"
"664357","433.2","437"
"664566","433.2","437"
"664784","433.4","437.1"
"664997","433.5","437.1"
"665215","433.5","437.1"
"665425","433.4","437.1"
"665644","433.4","437.1"
"665867","435.2","439"
"666078","435.2","439"
"666294","435.2","439"
"666518","435.2","439"
"666735","435.2","439"
"666954","435.2","438.9"
"667174","435.2","438.9"
"667398","435.2","438.9"
"667607","435.2","438.9"
"667821","435.2","438.9"
"668036","435.2","438.9"
"668253","435.2","438.9"
"668464","435.4","439"
"668691","435.4","439"
"668914","435.4","439"
"669134","435.4","439"
"669352","435.4","439"
"669572","437.1","440.8"
"669795","437.1","440.8"
"670016","437","440.8"
"670227","437","440.8"
"670442","437","440.8"
"670657","437","440.8"
"670874","437","440.8"
"671095","437","440.7"
"671312","437","440.7"
"671523","437","440.7"
"671740","437","440.7"
"671957","437","440.7"
"672175","437.2","440.9"
"672396","437.2","440.9"
"672614","437.2","440.9"
"672835","437.2","440.9"
"673057","437.2","440.9"
"673271","439","442.7"
"673493","439","442.7"
"673707","439","442.7"
"673927","439","442.7"
"674145","439","442.6"
"674367","439","442.6"
"674585","439","442.6"
"674794","439","442.6"
"675004","439","442.6"
"675224","439","442.6"
"675443","439","442.6"
"675661","439.2","442.8"
"675881","439.2","442.8"
"676105","439.2","442.8"
"676323","439.2","442.8"
"676554","439.2","442.8"
"676769","440.9","444.5"
"676987","440.9","444.5"
"677195","440.9","444.5"
"677403","440.9","444.5"
"677626","440.9","444.5"
"677844","440.9","444.5"
"678056","440.9","444.5"
"678277","440.9","444.5"
"678495","440.9","444.5"
"678718","440.9","444.5"
"678935","440.9","444.5"
"679155","440.9","444.5"
"679374","441.1","444.6"
"679584","441.2","444.6"
"679803","441.2","444.6"
"680022","441.2","444.6"
"680244","441.2","444.6"
"680462","441.1","444.6"
"680681","442.8","446.4"
"680888","442.8","446.4"
"681096","442.8","446.4"
"681319","442.8","446.4"
"681534","442.8","446.4"
"681750","442.8","446.4"
"681960","442.8","446.4"
"682180","442.8","446.4"
"682395","442.8","446.4"
"682610","442.8","446.3"
"682829","442.8","446.3"
"683043","442.8","446.3"
"683256","442.8","446.3"
"683477","443","446.5"
"683700","443.1","446.5"
"683921","443.1","446.5"
"684139","443.1","446.5"
"684358","443","446.5"
"684576","444.9","448.4"
"684796","444.9","448.4"
"685009","444.9","448.4"
"685230","444.9","448.4"
"685445","444.9","448.4"
"685654","444.9","448.4"
"685867","444.9","448.4"
"686087","444.9","448.4"
"686295","444.9","448.4"
"686505","444.9","448.4"
"686727","444.9","448.4"
"686950","444.9","448.4"
"687167","444.9","448.4"
"687387","445.2","448.6"
"687611","445.2","448.6"
"687832","445.2","448.6"
"688052","445.2","448.6"
"688270","445.2","448.6"
"688483","445.2","448.6"
"688705","446.9","450.3"
"688925","446.9","450.3"
"689138","446.9","450.3"
"689356","446.9","450.3"
"689573","446.9","450.3"
"689792","446.9","450.3"
"690013","446.9","450.3"
"690231","446.9","450.3"
"690450","446.9","450.2"
"690670","446.9","450.2"
"690886","446.9","450.2"
"691104","447.2","450.3"
"691324","447.2","450.3"
"691533","447.1","450.3"
"691741","448.8","452"
"691948","448.8","452"
"692157","448.8","452"
"692375","448.8","452"
"692583","448.8","452.2"
"692798","448.8","452.2"
"693018","448.8","452.2"
"693230","448.8","452.2"
"693448","449.1","452.4"
"693656","449.1","452.4"
"693865","449.1","452.4"
"694088","450.8","454"
"694299","450.8","454"
"694519","450.7","454"
"694736","450.7","454"
"694952","450.7","454"
"695177","450.7","454.1"
"695390","450.7","454"
"695608","450.7","454"
"695827","450.7","454.1"
"696054","450.7","454.1"
"696275","450.7","454.1"
"696490","451","454.2"
"696712","451","454.2"
"696921","451","454.2"
"697139","451","454.2"
"697356","451","454.2"
"697582","451","454.2"
"697801","452.8","456"
"698021","452.8","456"
"698244","452.8","456"
"698461","452.8","456"
"698684","452.8","456"
"698898","452.8","456"
"699119","452.8","456.1"
"699330","452.8","456.1"
"699544","452.8","456"
"699758","452.8","456"
"699970","452.8","456"
"700184","452.8","456"
"700403","452.8","456"
"700615","453","456.2"
"700821","453","456.2"
"701042","453","456.2"
"701261","453","456.2"
"701474","453","456.2"
"701694","454.7","457.9"
"701915","454.7","457.9"
"702135","454.7","457.9"
"702354","454.7","457.9"
"702577","454.7","457.9"
"702792","454.7","457.9"
"702999","454.7","457.9"
"703211","454.7","457.9"
"703433","454.7","457.9"
"703639","454.7","457.9"
"703859","454.7","457.9"
"704085","454.7","457.9"
"704303","455","458.1"
"704510","455","458.1"
"704729","455","458.1"
"704951","455","458.1"
"705172","455","458.1"
"705396","455","458.1"
"705616","456.7","459.8"
"705832","456.7","459.8"
"706053","456.7","459.8"
"706273","456.7","459.8"
"706492","456.7","459.7"
"706706","456.7","459.8"
"706915","456.7","459.8"
"707136","456.7","459.8"
"707353","456.7","459.8"
"707575","456.7","459.8"
"707794","456.7","459.8"
"708016","456.9","459.9"
"708240","456.9","459.9"
"708449","457","459.9"
"708669","456.9","459.9"
"708887","456.9","459.9"
"709102","456.9","459.9"
"709320","456.9","459.9"
"709531","458.8","461.8"
"709742","458.8","461.8"
"709955","458.8","461.8"
"710180","458.8","461.8"
"710406","458.8","461.7"
"710616","458.8","461.8"
"710838","458.8","461.8"
"711059","458.8","461.8"
"711281","458.8","461.8"
"711505","458.8","461.8"
"711717","458.8","461.8"
"711937","459","462"
"712160","459","462"
"712374","459","462"
"712595","459","462"
"712816","459","462"
"713038","460.7","463.6"
"713258","460.7","463.6"
"713466","460.7","463.6"
"713685","460.7","463.6"
"713907","460.7","463.6"
"714120","460.7","463.6"
"714330","460.7","463.7"
"714547","460.7","463.7"
"714766","460.7","463.7"
"714990","460.7","463.7"
"715209","460.7","463.7"
"715429","460.7","463.7"
"715651","460.9","463.8"
"715860","461","463.8"
"716077","461","463.8"
"716293","461","463.8"
"716512","460.9","463.8"
"716729","460.9","463.8"
"716951","462.6","465.5"
"717159","462.6","465.5"
"717376","462.6","465.5"
"717583","462.6","465.5"
"717801","462.6","465.5"
"718019","462.6","465.5"
"718240","462.6","465.5"
"718458","462.6","465.5"
"718678","462.6","465.5"
"718886","462.6","465.5"
"719103","462.8","465.6"
"719324","463","465.7"
"719544","463","465.7"
"719766","463.1","465.7"
"719984","463.1","465.7"
"720204","463.1","465.7"
"720412","463.1","465.7"
"720627","464.7","467.6"
"720848","464.7","467.6"
"721056","464.7","467.6"
"721275","464.7","467.6"
"721495","464.7","467.5"
"721717","464.7","467.5"
"721924","464.7","467.5"
"722146","464.7","467.5"
"722365","464.7","467.5"
"722586","464.7","467.5"
"722801","464.7","467.5"
"723022","464.9","467.6"
"723249","465","467.6"
"723463","465","467.6"
"723676","464.9","467.6"
"723894","464.9","467.6"
"724112","464.9","467.6"
"724330","466.6","469.4"
"724545","466.6","469.4"
"724760","466.6","469.4"
"724968","466.6","469.4"
"725190","466.6","469.4"
"725410","466.6","469.4"
"725628","466.6","469.4"
"725851","466.6","469.4"
"726067","466.6","469.4"
"726278","466.6","469.4"
"726498","466.6","469.4"
"726713","466.6","469.4"
"726933","466.9","469.5"
"727148","466.9","469.5"
"727363","466.9","469.5"
"727578","466.9","469.5"
"727804","466.9","469.5"
"728026","468.6","471.3"
"728241","468.6","471.3"
"728463","468.6","471.3"
"728677","468.6","471.3"
"728897","468.6","471.3"
"729112","468.6","471.3"
"729330","468.6","471.2"
"729548","468.6","471.2"
"729768","468.6","471.2"
"729985","468.6","471.2"
"730205","468.6","471.2"
"730421","468.8","471.4"
"730641","468.9","471.4"
"730865","468.8","471.4"
"731076","468.8","471.4"
"731291","468.8","471.4"
"731511","468.8","471.4"
"731720","470.7","473.3"
"731939","470.7","473.3"
"732157","470.7","473.3"
"732371","470.7","473.3"
"732577","470.7","473.3"
"732795","470.7","473.3"
"733019","470.7","473.3"
"733237","470.7","473.3"
"733454","470.7","473.3"
"733673","470.7","473.3"
"733891","470.7","473.3"
"734110","470.9","473.5"
"734329","470.9","473.5"
"734548","471","473.5"
"734760","470.9","473.5"
"734985","470.9","473.5"
"735195","470.9","473.5"
"735414","472.6","475.2"
"735628","472.6","475.2"
"735850","472.6","475.2"
"736064","472.6","475.2"
"736288","472.6","475.2"
"736500","472.6","475.1"
"736722","472.6","475.2"
"736943","472.6","475.2"
"737165","472.6","475.2"
"737385","472.6","475.2"
"737604","472.6","475.2"
"737812","472.8","475.4"
"738030","472.9","475.4"
"738250","472.9","475.4"
"738471","472.9","475.4"
"738691","472.8","475.4"
"738914","472.8","475.4"
"739131","474.5","477"
"739346","474.5","477"
"739554","474.5","477"
"739771","474.5","477"
"739990","474.5","477"
"740209","474.5","477"
"740428","474.5","477.1"
"740639","474.5","477.1"
"740849","474.5","477.1"
"741068","474.5","477.1"
"741286","474.5","477.1"
"741497","474.5","477.1"
"741714","474.8","477.2"
"741933","474.8","477.2"
"742154","474.8","477.2"
"742377","474.8","477.2"
"742593","474.8","477.2"
"742817","476.5","478.9"
"743039","476.5","478.9"
"743256","476.5","478.9"
"743480","476.5","478.9"
"743697","476.5","478.9"
"743912","476.5","478.9"
"744132","476.5","478.9"
"744339","476.5","478.9"
"744559","476.5","478.9"
"744778","476.5","478.9"
"745002","476.5","478.9"
"745224","476.5","478.9"
"745442","476.7","479.1"
"745664","476.8","479.1"
"745881","476.7","479.1"
"746089","476.7","479.1"
"746311","476.7","479.1"
"746527","478.6","480.9"
"746745","478.6","480.9"
"746958","478.6","480.9"
"747175","478.6","480.9"
"747392","478.6","481"
"747612","478.6","481"
"747831","478.6","481"
"748043","478.6","481"
"748249","478.6","481"
"748463","478.8","481.1"
"748669","478.9","481.1"
"748876","478.9","481.1"
"749102","478.9","481.1"
"749309","480.6","482.9"
"749527","480.6","482.9"
"749746","480.5","482.9"
"749967","480.5","482.9"
"750173","480.5","482.8"
"750392","480.5","482.8"
"750612","480.5","482.8"
"750832","480.5","482.8"
"751050","480.8","482.9"
"751261","480.8","482.9"
"751479","480.8","482.9"
"751700","482.4","484.8"
"751907","482.4","484.8"
"752115","482.4","484.8"
"752332","482.4","484.7"
"752538","482.4","484.7"
"752757","482.4","484.7"
"752976","482.4","484.7"
"753194","482.4","484.7"
"753402","482.7","484.8"
"753622","482.7","484.8"
"753834","482.7","484.8"
"754053","484.4","486.6"
"754262","484.4","486.6"
"754476","484.4","486.6"
"754691","484.4","486.6"
"754908","484.4","486.6"
"755117","484.4","486.6"
"755327","484.4","486.6"
"755545","484.4","486.6"
"755748","484.6","486.7"
"755967","484.7","486.7"
"756173","484.7","486.7"
"756394","484.7","486.7"
"756613","486.3","488.5"
"756822","486.3","488.5"
"757042","486.3","488.5"
"757252","486.3","488.5"
"757473","486.3","488.4"
"757694","486.3","488.4"
"757915","486.3","488.4"
"758121","486.5","488.6"
"758331","486.6","488.6"
"758548","486.6","488.6"
"758766","486.5","488.6"
"758972","488.2","490.4"
"759190","488.2","490.4"
"759400","488.2","490.4"
"759620","488.2","490.3"
"759838","488.2","490.3"
"760058","488.2","490.3"
"760264","488.4","490.4"
"760472","488.6","490.5"
"760686","488.6","490.6"
"760895","488.6","490.6"
"761114","488.6","490.6"
"761334","490.3","492.4"
"761541","490.3","492.4"
"761760","490.3","492.4"
"761967","490.3","492.4"
"762187","490.3","492.4"
"762405","490.3","492.3"
"762619","490.3","492.3"
"762825","490.5","492.4"
"763043","490.6","492.5"
"763251","490.6","492.5"
"763469","490.6","492.5"
"763678","492.3","494.3"
"763891","492.2","494.3"
"764110","492.2","494.3"
"764326","492.2","494.2"
"764546","492.2","494.2"
"764764","492.2","494.2"
"764972","492.2","494.2"
"765192","492.5","494.3"
"765399","492.5","494.3"
"765618","492.5","494.3"
"765835","492.5","494.3"
"766052","494.2","495.7"
"766264","494.2","495.7"
"766479","494.2","495.8"
"766699","494.2","495.8"
"766918","494.2","495.8"
"767136","494.2","495.9"
"767354","494.2","496.1"
"767573","494.4","496.2"
"767794","494.4","496.3"
"768014","494.4","496.3"
"768234","494.4","496.3"
"768440","496.2","498.1"
"768649","496.2","498.1"
"768862","496.2","498.1"
"769076","496.2","498.1"
"769295","496.2","498.1"
"769516","496.2","498.1"
"769739","496.2","498.1"
"769957","496.5","498.3"
"770178","496.5","498.3"
"770387","496.5","498.3"
"770598","496.5","498.3"
"770816","498.2","500"
"771024","498.2","500"
"771243","498.2","499.9"
"771463","498.2","500"
"771675","498.2","500"
"771896","498.2","500"
"772115","498.2","500"
"772328","498.4","500.2"
"772534","498.5","500.2"
"772748","498.4","500.2"
"772966","498.4","500.2"
"773183","500.1","501.8"
"773396","500.1","501.8"
"773615","500.1","501.8"
"773828","500.1","501.9"
"774048","500.1","501.8"
"774267","500.1","501.8"
"774483","500.1","501.8"
"774690","500.3","502.1"
"774914","500.3","502.1"
"775128","500.3","502.1"
"775351","500.3","502.1"
"775567","502","503.7"
"775775","502","503.7"
"775984","502","503.7"
"776206","502","503.7"
"776429","502","503.7"
"776648","502","503.7"
"776854","502","503.7"
"777072","502.3","503.9"
"777282","502.3","503.9"
"777497","502.3","503.9"
"777716","502.3","503.9"
"777923","504.1","505.7"
"778140","504.1","505.7"
"778350","504.1","505.7"
"778556","504.1","505.7"
"778765","504.1","505.7"
"778968","504.1","505.7"
"779177","504.1","505.7"
"779387","504.1","505.7"
"779603","504.3","505.9"
"779818","504.3","505.9"
"780024","504.3","505.9"
"780236","504.3","505.9"
"780454","506","507.6"
"780667","506","507.6"
"780889","506","507.6"
"781110","506","507.6"
"781328","506","507.5"
"781542","506","507.6"
"781759","506","507.6"
"781978","506","507.6"
"782199","506","507.6"
"782416","506","507.6"
"782631","506","507.6"
"782846","506.3","507.8"
"783068","506.3","507.8"
"783282","506.3","507.8"
"783498","506.3","507.8"
"783721","506.3","507.8"
"783937","506.3","507.8"
"784151","508","509.4"
"784366","508","509.4"
"784581","508","509.4"
"784800","508","509.4"
"785014","508","509.4"
"785232","508","509.4"
"785441","508","509.5"
"785661","508","509.5"
"785880","508","509.5"
"786100","508","509.5"
"786312","508","509.5"
"786530","508","509.5"
"786752","508.2","509.6"
"786969","508.3","509.6"
"787189","508.3","509.6"
"787409","508.3","509.6"
"787628","508.3","509.6"
"787853","510.3","511.5"
"788071","510.3","511.5"
"788291","510.3","511.5"
"788508","510.3","511.5"
"788726","510.3","511.5"
"788947","510.3","511.4"
"789163","510.3","511.7"
"789373","510.3","511.7"
"789590","510.3","511.7"
"789803","510.3","511.7"
"790024","510.3","511.7"
"790245","510.3","511.7"
"790461","510.3","511.7"
"790680","510.5","511.8"
"790889","510.4","511.8"
"791113","510.4","511.8"
"791333","510.4","511.8"
"791549","510.4","511.8"
"791770","512.2","513.4"
"791983","512.2","513.4"
"792204","512.2","513.4"
"792423","512.2","513.4"
"792626","512.2","513.5"
"792853","512.2","513.5"
"793073","512.2","513.5"
"793287","512.2","513.5"
"793508","512.2","513.5"
"793724","512.2","513.5"
"793944","512.2","513.5"
"794163","512.2","513.5"
"794382","512.2","513.5"
"794599","512.4","513.7"
"794813","512.4","513.7"
"795030","512.3","513.7"
"795252","512.3","513.7"
"795469","512.3","513.7"
"795687","514","515.3"
"795904","514","515.3"
"796127","514","515.3"
"796344","514","515.3"
"796561","514","515.3"
"796779","514","515.3"
"796995","514","515.3"
"797218","514","515.4"
"797433","514","515.4"
"797647","514","515.4"
"797865","514","515.4"
"798083","514","515.4"
"798292","514.3","515.5"
"798504","514.3","515.5"
"798719","514.3","515.5"
"798936","514.3","515.5"
"799161","514.3","515.5"
"799381","516","517.2"
"799606","516","517.2"
"799821","516","517.2"
"800042","516","517.2"
"800263","516","517.2"
"800482","516","517.2"
"800703","516","517.2"
"800919","516","517.2"
"801144","516","517.2"
"801358","516","517.2"
"801569","516","517.2"
"801787","516","517.2"
"802001","516.2","517.4"
"802216","516.3","517.4"
"802428","516.3","517.4"
"802637","516.3","517.4"
"802848","516.2","517.4"
"803069","517.9","519.1"
"803290","517.9","519.1"
"803504","517.9","519.1"
"803725","517.9","519.1"
"803942","517.9","519.1"
"804161","517.9","519"
"804374","517.9","519.1"
"804595","517.9","519.1"
"804815","517.9","519.1"
"805034","517.9","519.1"
"805261","517.9","519.1"
"805477","518.1","519.2"
"805699","518.2","519.3"
"805910","518.1","519.3"
"806128","518.1","519.3"
"806347","518.1","519.3"
"806565","519.8","520.9"
"806778","519.8","520.9"
"806997","519.8","520.9"
"807215","519.8","521"
"807430","519.8","521"
"807646","519.8","521"
"807865","519.8","521"
"808084","520.1","521.1"
"808303","520.1","521.1"
"808523","520.1","521.1"
"808742","520.1","521.1"
"808961","521.8","522.8"
"809172","521.8","522.8"
"809380","521.8","522.8"
"809589","521.8","522.9"
"809800","521.8","522.8"
"810012","521.8","522.8"
"810235","521.8","522.8"
"810452","522","523"
"810664","522.1","523"
"810873","522.1","523"
"811089","522","523"
"811308","523.7","524.7"
"811525","523.7","524.7"
"811731","523.7","524.7"
"811939","523.7","524.7"
"812160","523.7","524.7"
"812377","523.7","524.7"
"812593","523.7","524.7"
"812814","523.9","524.9"
"813024","523.9","524.9"
"813243","523.9","524.9"
"813463","523.9","524.9"
"813682","526.3","527.2"
"813905","526.3","527.2"
"814112","526.3","527.2"
"814331","526.3","527.3"
"814551","526.3","527.3"
"814773","526.3","527.3"
"814985","526.3","527.3"
"815205","526.3","527.3"
"815426","526.4","527.3"
"815653","526.4","527.3"
"815866","526.4","527.3"
"816085","527.4","528"
"816304","527.4","528"
"816524","527.4","527.9"
"816742","527.4","527.9"
"816959","527.4","528"
"817179","527.4","528.3"
"817396","527.5","528.4"
"817622","527.7","528.6"
"817831","528","528.8"
"818047","527.9","528.8"
"818265","527.9","528.8"
"818473","529.6","530.4"
"818694","529.6","530.4"
"818914","529.6","530.4"
"819136","529.6","530.4"
"819355","529.6","530.4"
"819573","529.6","530.4"
"819791","529.6","530.4"
"820010","529.6","530.4"
"820231","529.9","530.6"
"820439","529.9","530.6"
"820660","529.9","530.6"
"820878","531.5","532.4"
"821090","531.5","532.4"
"821309","531.5","532.4"
"821530","531.5","532.4"
"821737","531.5","532.4"
"821944","531.5","532.3"
"822152","531.5","532.3"
"822370","531.5","532.3"
"822578","531.8","532.5"
"822785","531.8","532.5"
"823003","531.8","532.5"
"823225","531.8","532.5"
"823443","533.5","534.3"
"823663","533.5","534.3"
"823881","533.5","534.2"
"824087","533.5","534.2"
"824306","533.5","534.2"
"824518","533.5","534.2"
"824739","533.5","534.2"
"824953","533.7","534.3"
"825157","533.8","534.3"
"825367","533.8","534.3"
"825575","533.8","534.3"
"825784","535.5","536.1"
"825996","535.4","536.1"
"826210","535.4","536.1"
"826431","535.4","536.1"
"826641","535.4","536.1"
"826854","535.4","536.1"
"827061","535.4","536.1"
"827273","535.4","536.1"
"827493","535.7","536.2"
"827713","535.7","536.2"
"827932","535.6","536.2"
"828138","537.3","538"
"828350","537.3","538"
"828572","537.3","538"
"828779","537.3","538"
"829000","537.3","538"
"829207","537.3","538"
"829424","537.3","537.9"
"829645","537.3","537.9"
"829865","537.6","538.1"
"830085","537.6","538.1"
"830296","537.6","538.1"
"830505","537.6","538.1"
"830716","539.4","539.9"
"830925","539.3","539.9"
"831140","539.3","539.9"
"831350","539.3","539.9"
"831570","539.3","539.8"
"831787","539.3","539.8"
"832006","539.3","539.8"
"832227","539.4","539.9"
"832443","539.9","540.2"
"832654","539.9","540.2"
"832861","539.8","540.2"
"833085","541.1","541.3"
"833304","541.1","541.3"
"833524","541.1","541.3"
"833743","541.1","541.3"
"833953","541.1","541.3"
"834170","541.1","541.5"
"834389","541.2","541.6"
"834607","541.4","541.7"
"834813","541.6","541.9"
"835023","541.7","542.1"
"835241","541.7","542.1"
"835459","541.7","542.1"
"835674","543.5","543.7"
"835895","543.5","543.7"
"836102","543.5","543.7"
"836323","543.5","543.7"
"836543","543.5","543.8"
"836750","543.5","543.9"
"836967","543.5","543.9"
"837182","543.5","543.9"
"837399","543.7","544"
"837609","543.6","544"
"837827","543.6","544"
"838043","545.3","545.7"
"838263","545.3","545.7"
"838482","545.3","545.7"
"838698","545.3","545.7"
"838906","545.3","545.6"
"839136","545.3","545.6"
"839351","545.3","545.6"
"839561","545.3","545.6"
"839777","545.6","545.8"
"839998","545.6","545.8"
"840217","545.6","545.8"
"840436","547.4","547.6"
"840657","547.4","547.6"
"840871","547.4","547.6"
"841088","547.4","547.6"
"841306","547.4","547.6"
"841524","547.4","547.6"
"841741","547.4","547.6"
"841957","547.4","547.6"
"842176","547.4","547.6"
"842396","547.6","547.8"
"842609","547.7","547.8"
"842832","547.7","547.8"
"843042","547.6","547.8"
"843265","549.3","549.5"
"843483","549.3","549.5"
"843701","549.3","549.5"
"843924","549.3","549.4"
"844141","549.3","549.4"
"844362","549.3","549.5"
"844583","549.3","549.5"
"844796","549.3","549.5"
"845018","549.3","549.5"
"845235","549.3","549.5"
"845454","549.6","549.7"
"845677","549.6","549.7"
"845892","549.6","549.7"
"846103","549.6","549.7"
"846319","549.6","549.7"
"846535","549.6","549.7"
"846757","551.3","551.5"
"846978","551.3","551.5"
"847203","551.3","551.5"
"847426","551.3","551.5"
"847648","551.3","551.5"
"847869","551.3","551.4"
"848088","551.3","551.4"
"848309","551.3","551.4"
"848530","551.3","551.4"
"848747","551.3","551.4"
"848968","551.3","551.4"
"849181","551.5","551.5"
"849390","551.6","551.5"
"849612","551.6","551.5"
"849827","551.6","551.5"
"850037","551.5","551.5"
"850245","553.2","553.3"
"850465","553.2","553.3"
"850676","553.2","553.3"
"850887","553.2","553.3"
"851096","553.2","553.3"
"851305","553.2","553.3"
"851519","553.2","553.3"
"851731","553.2","553.3"
"851938","553.2","553.3"
"852156","553.2","553.3"
"852374","553.2","553.3"
"852597","553.2","553.3"
"852814","553.4","553.4"
"853027","553.5","553.4"
"853246","553.4","553.4"
"853465","553.4","553.4"
"853674","553.4","553.4"
"853893","555.1","555.2"
"854113","555.1","555.2"
"854332","555.1","555.2"
"854549","555.1","555.2"
"854775","555.1","555.2"
"854996","555.1","555.2"
"855211","555.1","555.2"
"855424","555.1","555.2"
"855644","555.1","555.2"
"855865","555.1","555.2"
"856082","555.1","555.2"
"856306","555.1","555.2"
"856523","555.4","555.2"
"856747","555.4","555.3"
"856966","555.4","555.3"
"857185","555.4","555.3"
"857406","555.4","555.3"
"857628","557.1","557.1"
"857849","557.1","557.1"
"858067","557.1","557.1"
"858287","557.1","557"
"858506","557.1","557"
"858718","557.1","557"
"858936","557.1","557"
"859152","557.1","557"
"859371","557.3","557.2"
"859593","557.3","557.2"
"859813","557.4","557.2"
"860031","557.3","557.2"
"860251","557.3","557.2"
"860471","557.3","557.2"
"860689","559.2","559"
"860904","559.2","559"
"861115","559.2","559"
"861333","559.2","559"
"861554","559.2","559"
"861768","559.2","559"
"861986","559.2","559"
"862204","559.2","559"
"862423","559.2","559.1"
"862651","559.2","559.1"
"862863","559.5","559.2"
"863070","559.5","559.2"
"863290","559.4","559.2"
"863498","559.4","559.2"
"863718","561.2","561"
"863938","561.2","561"
"864157","561.2","561"
"864375","561.2","561"
"864595","561.2","561"
"864813","561.2","561"
"865035","561.2","561"
"865243","561.5","561.2"
"865463","561.5","561.2"
"865681","561.5","561.2"
"865894","561.5","561.2"
"866112","563.2","562.9"
"866323","563.2","562.9"
"866545","563.2","562.9"
"866767","563.2","562.8"
"866991","563.2","562.9"
"867210","563.2","562.9"
"867429","563.2","562.9"
"867651","563.4","563.1"
"867871","563.5","563.1"
"868090","563.4","563.1"
"868297","563.4","563.1"
"868517","565.1","564.7"
"868736","565.1","564.7"
"868947","565.1","564.7"
"869167","565.1","564.7"
"869387","565.1","564.8"
"869608","565.1","564.7"
"869835","565.1","564.7"
"870047","565.1","564.7"
"870265","565.3","565"
"870472","565.3","565"
"870683","565.3","565"
"870902","565.3","565"
"871123","567.2","566.7"
"871343","567.2","566.7"
"871563","567.2","566.7"
"871770","567.2","566.7"
"871990","567.2","566.8"
"872212","567.2","566.8"
"872432","567.2","566.8"
"872650","567.2","566.8"
"872866","567.5","567"
"873074","567.4","567"
"873295","567.4","567"
"873506","569.1","568.7"
"873711","569.1","568.7"
"873921","569.1","568.7"
"874129","569.1","568.7"
"874344","569.1","568.7"
"874552","569.1","568.7"
"874770","569.1","568.7"
"874982","569.1","568.7"
"875203","569.3","568.8"
"875416","569.4","568.8"
"875623","569.4","568.8"
"875841","569.4","568.8"
"876060","571.1","570.6"
"876280","571","570.6"
"876486","571","570.6"
"876698","571","570.6"
"876908","571","570.6"
"877127","571","570.6"
"877346","571","570.6"
"877566","571","570.6"
"877775","571.3","570.7"
"877989","571.3","570.7"
"878208","571.3","570.7"
"878415","571.3","570.7"
"878632","573","572.5"
"878844","573","572.5"
"879064","573","572.5"
"879287","573","572.5"
"879509","573","572.4"
"879728","573","572.4"
"879944","573","572.4"
"880165","573.2","572.7"
"880381","573.3","572.7"
"880599","573.3","572.7"
"880821","573.3","572.7"
"881040","574.9","574.3"
"881250","574.9","574.3"
"881457","574.9","574.3"
"881676","574.9","574.2"
"881898","574.9","574.3"
"882114","574.9","574.3"
"882332","574.9","574.3"
"882553","575.1","574.5"
"882764","575.2","574.5"
"882983","575.1","574.5"
"883195","575.1","574.5"
"883401","577","576.3"
"883622","577","576.3"
"883842","577","576.3"
"884062","577","576.3"
"884273","577","576.3"
"884492","577","576.3"
"884703","577","576.4"
"884910","577","576.4"
"885118","577.2","576.5"
"885338","577.3","576.5"
"885550","577.3","576.5"
"885769","577.3","576.5"
"885988","578.9","578.2"
"886209","578.9","578.2"
"886430","578.9","578.2"
"886649","578.9","578.2"
"886861","578.9","578.2"
"887077","578.9","578.2"
"887285","578.9","578.2"
"887498","579.1","578.4"
"887718","579.2","578.4"
"887927","579.1","578.4"
"888140","579.1","578.4"
"888348","580.9","580.1"
"888572","580.9","580.1"
"888781","580.9","580.1"
"889003","580.9","580"
"889225","580.9","580.1"
"889433","580.9","580.1"
"889651","580.9","580.1"
"889868","580.9","580.1"
"890086","581.2","580.3"
"890297","581.1","580.3"
"890519","581.1","580.3"
"890731","582.9","582.1"
"890950","582.9","582.1"
"891168","582.9","582.1"
"891378","582.9","582"
"891599","582.9","582.1"
"891818","582.9","582.1"
"892038","582.9","582.1"
"892258","582.9","582.1"
"892464","583.2","582.3"
"892681","583.2","582.3"
"892897","583.2","582.3"
"893105","583.2","582.3"
"893315","584.9","583.9"
"893524","584.9","583.9"
"893738","584.9","583.9"
"893958","584.9","583.9"
"894168","584.9","584"
"894376","584.9","583.9"
"894596","584.9","583.9"
"894817","584.9","583.9"
"895034","585.1","584.1"
"895254","585.1","584.1"
"895470","585.1","584.1"
"895693","585.1","584.1"
"895900","586.8","585.8"
"896120","586.8","585.8"
"896332","586.8","585.8"
"896551","586.8","585.8"
"896761","586.8","585.8"
"896966","586.8","585.8"
"897177","586.8","585.8"
"897398","587","586"
"897607","587.1","586"
"897823","587.1","586"
"898040","587.1","586"
"898245","588.7","587.7"
"898463","588.7","587.7"
"898673","588.7","587.7"
"898897","588.7","587.7"
"899118","588.7","587.6"
"899332","588.7","587.6"
"899552","588.7","587.6"
"899761","588.9","587.8"
"899975","589.1","587.9"
"900191","589.1","587.9"
"900405","589.1","587.9"
"900612","589.1","587.9"
"900824","589.1","587.9"
"901047","590.8","589.7"
"901267","590.8","589.7"
"901479","590.8","589.7"
"901691","590.8","589.7"
"901913","590.8","589.7"
"902123","590.8","589.7"
"902335","590.8","589.7"
"902556","590.8","589.7"
"902773","590.8","589.7"
"902988","590.8","589.7"
"903197","590.8","589.7"
"903415","591","589.8"
"903625","591.1","589.8"
"903843","591.1","589.8"
"904062","591.1","589.8"
"904282","591.1","589.8"
"904490","592.8","591.6"
"904710","592.8","591.6"
"904929","592.8","591.6"
"905150","592.8","591.6"
"905369","592.8","591.6"
"905586","592.8","591.5"
"905809","592.8","591.5"
"906024","592.8","591.5"
"906245","592.8","591.5"
"906464","592.8","591.5"
"906683","593","591.7"
"906904","593","591.7"
"907124","593","591.7"
"907343","593","591.7"
"907564","593","591.7"
"907783","593","591.7"
"908006","594.7","593.5"
"908214","594.7","593.5"
"908425","594.7","593.5"
"908646","594.7","593.5"
"908858","594.7","593.4"
"909079","594.7","593.4"
"909291","594.7","593.4"
"909509","594.7","593.4"
"909730","594.7","593.4"
"909946","594.8","593.5"
"910164","594.8","593.5"
"910371","595.1","593.6"
"910592","595.1","593.7"
"910812","595.1","593.7"
"911034","595.1","593.7"
"911256","595.1","593.7"
"911468","596.8","595.5"
"911683","596.8","595.5"
"911903","596.8","595.5"
"912124","596.8","595.4"
"912343","596.8","595.5"
"912560","596.8","595.5"
"912783","596.8","595.5"
"913002","596.8","595.5"
"913220","596.8","595.5"
"913432","596.8","595.5"
"913653","597","595.6"
"913875","597","595.6"
"914093","597.1","595.6"
"914310","597","595.6"
"914528","597","595.6"
"914744","597","595.6"
"914956","598.7","597.3"
"915178","598.7","597.3"
"915397","598.7","597.3"
"915620","598.7","597.3"
"915837","598.7","597.3"
"916058","598.7","597.3"
"916278","598.7","597.3"
"916496","598.7","597.3"
"916717","598.7","597.3"
"916925","598.7","597.3"
"917141","598.7","597.3"
"917365","598.9","597.5"
"917586","599","597.5"
"917804","599","597.5"
"918023","599","597.5"
"918242","599","597.5"
"918458","600.6","599.2"
"918674","600.6","599.2"
"918894","600.6","599.2"
"919112","600.6","599.2"
"919335","600.6","599.1"
"919554","600.6","599.2"
"919774","600.6","599.2"
"919993","600.6","599.2"
"920214","600.6","599.2"
"920429","600.6","599.2"
"920645","600.6","599.2"
"920869","600.9","599.3"
"921082","600.9","599.3"
"921297","600.9","599.3"
"921512","600.9","599.3"
"921734","600.9","599.3"
"921954","600.9","599.3"
"922170","602.6","601.2"
"922388","602.6","601.2"
"922597","602.6","601.2"
"922816","602.6","601.2"
"923037","602.6","601.1"
"923255","602.6","601.1"
"923469","602.6","601.1"
"923687","602.6","601.1"
"923907","602.6","601.1"
"924125","602.6","601.1"
"924342","602.6","601.1"
"924560","602.8","601.2"
"924780","412.4","417.3"
